shop_name,address,tel
眼鏡市場　昭島,196-0034 東京都昭島市玉川町4丁目10-1,042-549-2088
オーケー調布店,182-0026 東京都調布市小島町1-6-1,042-444-0771
有限会社　青山堂,156-0055 東京都世田谷区船橋１−１−９ アトゥリオ青山,03-3420-6237
メガネの愛眼　自由が丘店,152-0031 東京都目黒区中根1-21-1,03-5701-4141
ブルーム武蔵小金井店,184-0004 東京都小金井市本町2-20-3 小金井Mビル1F,042-401-2309
（有）かまた電化センター,144-0051 東京都大田区西蒲田４−２１−２３,03-3751-4650
オーケー国分寺店,185-0011 東京都国分寺市本多２−３−１,042-323-6500
サンドラッグ東大和桜が丘,207-0022 東京都東大和市桜が丘４−２９１−１,042-590-0073
有限会社ヨコデン,167-0051 東京都杉並区荻窪５‐９-１９,03-3391-0406
ドラッグストアクリエイトS・D北区滝野川店,114-0023 東京都北区滝野川6-21-19,03-5961-1766
�螢灰献沺．灰献沺潺咼奪�カメラ志村店,174-0056 東京都板橋区志村３−２６−４ 志村ショッピングセンター内,03-5916-1311
メガネの愛眼　南大沢店,192-0364 東京都八王子市南大沢2-28-1 イトーヨーカドー南大沢店４Ｆ,042-677-7066
ブルーム蒲田店,144-0052 東京都大田区蒲田５−４６−１０ 金親ビル４階　４０１,03-5744-8661
株式会社三平商会,104-0031 東京都中央区京橋２−１３−１０ 京橋ＭＩＤビル,03-3561-0007
眼鏡市場　荻窪タウンセブン,167-0043 東京都杉並区上荻1−9−1　 荻窪タウンセブン6階613区画,03-6383-8008
ＤＣＭ唐木田店,206-0035 東京都多摩市唐木田１−３,042-371-5051
ブルーム渋谷店,150-0002 東京都渋谷区渋谷２−１９−２０ 宮益坂村瀬ビル２階,03-3406-3341
（有）ひばり堂ラーク電器,111-0042 東京都台東区寿１−２−２,03-3844-1501
有限会社　服部電気商会,164-0013 東京都中野区弥生町３−２−５,03-3372-0026
�蠹臙� ホームズ足立小台店,120-0046 東京都足立区小台1-17-1,050-1712-4334
�螢灰献沺．灰献沺潺咼奪�カメラ井草店,167-0021 東京都杉並区井草3-17-10,03-3301-6971
コーナンPRO WORK&TOOLドイト豊玉中,176-0013 東京都練馬区豊玉中２-２４-２,03-3991-2411
眼鏡市場　京王堀之内駅前店,192-0363 東京都八王子市別所１−１−１１ アーバンコア１F,042-670-3715
�睫敕典ぞΣ�,171-0051 東京都豊島区長崎1-18-4,03-3955-3429
井上電気商会合同会社,103-0007 東京都中央区日本橋浜町２−２２−５−１０１ ヴェラハイツ浜町,03-3661-1627
オーケー立川高島屋Ｓ．Ｃ．店,190-8507 東京都立川市曙町2-39-3,042-518-9056
春陽無線,164-0002 東京都中野区上高田5-47-11,03-3386-3743
ヒヤリングストア日本橋�眦膕娃咫ィ叩ヅ�,103-0027 東京都中央区日本橋2-5-1 日本橋�眦膕娃咫ィ叩タ郡曖干�,050-3526-1433
ホームセンターコーナン八王子オクトーレ店,192-0083 東京都八王子市旭町9-1　 八王子オクトーレ４F,042-631-5751
有限会社マツムラデンキ石川台店,145-0065 東京都大田区東雪谷２−１８−９ 石川台ア-バンレックス　101号室,03-3728-2434
くらしテックミヨシヤ久我山店,168-0082 東京都杉並区久我山3-22-14,03-3331-3448
ブルーム二子玉川店,158-0094 東京都世田谷区玉川３−１０−１１ ジ・エイペックスビル２F-A,03-6447-9833
片山メガネ　松江店,132-0023 東京都江戸川区西一之江４−８−２２,03-3656-0817
�螢筌泪瀬妊鵐�　ＬＡＢＩ　立川,190-0012 東京都立川市曙町二丁目２番２５号,042-529-3611
イトーヨーカ堂　赤羽店,115-0055 東京都北区赤羽西１−７−１,03-3905-5111
サンドラッグ南大沢,192-0364 東京都八王子市南大沢２−２５ フォレストモール1F,042-679-6701
オーケー多摩大塚店,192-0352 東京都八王子市大塚６２９−１,042-670-2580
メガネ　パリ　ミキ　イオンモールむさし村山店,208-0022 東京都武蔵村山市榎１丁目１−３ イオンモールむさし村山 3階,042-563-0931
イトーヨーカ堂　八王子店,193-0941 東京都八王子市狭間町１４６２−１,042-662-5211
補聴器サロン椎名町,171-0051 東京都豊島区長崎1-6-12,0359268048
�襯▲襯廛絞篦梓�,182-0024 東京都調布市布田2-17-2 アークシティアレックス１階,042-487-0901
株式会社光明電機,165-0027 東京都中野区野方6-29-9 光明ビル１階,03-3338-0319
和真メガネ　八王子店,192-0082 東京都八王子市東町１１−１ 第一シルバービル,042-644-5481
イトーヨーカ堂　拝島店,196-0003 東京都昭島市松原町３−２−１２,042-543-5511
�螢筌泪瀬妊鵐�　テックランド江戸川店,132-0025 東京都江戸川区松江２丁目２９番７号,03-5661-3011
セキチュー　鶴川店,195-0076 東京都町田市金井ケ丘2-43-5,042-708-9746
志村電機株式会社,179-0074 東京都練馬区春日町1-11-1,03-3990-5550
�螢筌泪瀬妊鵐�　マツヤデンキ　テックランド　羽村店,205-0002 東京都羽村市栄町１−１２−７,042-579-1211
リケン補聴器センター　北品川店,140-0001 東京都品川区北品川2-19-4 アトラス北品川　1階,03-6433-9981
ジョーシン　マークイズ葛飾かなまち店,125-0041 東京都葛飾区東金町一丁目１０−１ MARK　IS　葛飾かなまち２Ｆ,03-5672-9221
ＤＣＭ国立青柳店,186-0013 東京都国立市青柳１−１−１０,042-521-2370
ブルーム中野店,164-0001 東京都中野区中野５−３２−４ 中野ステーションハイツ206,03-5318-1733
補聴器ストア三鷹店,180-0005 東京都武蔵野市御殿山2−21−21 御殿山OHビル１F,0422-26-9400
オーディオノバ巣鴨店,170-0002 東京都豊島区巣鴨4-22-29 プランドール地蔵通り1階,03-5980-9271
ホームセンターコーナン　国立店,186-0012 東京都国立市泉三丁目29番地の11,042-571-8157
ライフアップ補聴器外神田店,101-0021 東京都千代田区外神田５−６−１６ 山下ビル２階,03-3834-1133
メガネの愛眼 下北沢店,155-0031 東京都世田谷区北沢2-30-3 サンセルボンビル1F,03-3465-0255
�蠕僅妥典ぁ々掌凝�,165-0023 東京都中野区江原町２−３−１４,03-3952-2571
ＣＯＭ　イスズ,180-0013 東京都武蔵野市西久保3-11-1,0422-51-1694
コーナンPRO世田谷八幡山店,156-0056 東京都世田谷区八幡山一丁目9番3号,03-5316-2157
�螢筌泪瀬妊鵐�　テックランド東京本店,156-0057 東京都世田谷区上北沢5-37-18,03-5316-7070
オリンピック墨田文花店,131-0044 東京都墨田区文花１−３１−9,03-5247-3211
メガネスーパー門前仲町,135-0047 東京都江東区富岡1-7-5,03-5646-1180
リオネットセンター城北,115-0055 東京都北区赤羽西１−３９−６,03-3909-3311
スーパービバホーム八王子多摩美大前店,192-0375 東京都八王子市鑓水２丁目１０８番１,042-670-3634
リケン補聴器センター西日暮里店,116-0013 東京都荒川区西日暮里５‐３２‐１０,03-5811-5343
ケーズデンキ西葛西店,134-0088 東京都江戸川区西葛西4丁目2番18号,03-5679-5181
パナピットフタバ,207-0023 東京都東大和市上北台2-364,042-563-0549
喫煙具専門店ラ・ピエール,130-0022 東京都墨田区江東橋4-27-14 楽天地ビル1F,03-3632-2660
株式会社大泉電化サービスファミック本店,178-0062 東京都練馬区大泉町２−５１−２,03-3924-2219
アオヤマ電器,134-0003 東京都江戸川区春江町５−１５−１２,03-3689-8341
クリエイトS・D葛飾堀切店,124-0006 東京都葛飾区堀切1-23-18,03-5671-2151
メガネストアー　旗の台店,142-0064 東京都品川区旗の台4-1-3,03-5788-3538
サンドラッグ今川,167-0035 東京都杉並区今川３−５−１,03-5303-5451
株式会社大塚信司商会,171-0043 東京都豊島区要町１−９−２,03-3957-5649
和真　赤羽イトーヨーカドー店,115-0055 東京都北区赤羽西1-7-1 イトーヨーカドー　6F,03-3900-2368
メガネ パリ ミキ　滝山通り店,203-0044 東京都東久留米市柳窪１−１０−３４,042-472-2861
イシカワ電器,191-0033 東京都日野市百草９９９−２６７−２０２ 百草団地,042-591-0077
オーケー鷺宮店,165-0035 東京都中野区白鷺３−４−３,03-3330-5101
メガネ　パリ　ミキ　保木間店,121-0064 東京都足立区保木間３−２０−１４,03-5242-3310
誠幸デンキ,179-0073 東京都練馬区田柄４−３２−４ シルバースレッドマンション１０１,03-3930-4501
サミットストア氷川台駅前店,176-0002 東京都練馬区桜台３−４５−８,03-5946-3310
エニータイム　ロッコウ,178-0063 東京都練馬区東大泉7-6-7 センチュリー東大泉,03-3922-4560
メガネストアー　喜多見店,157-0067 東京都世田谷区喜多見8-18-16,03-5727-2848
パナピットさこう,191-0012 東京都日野市日野7773-571,042-584-5033
イトーヨーカ堂　木場店,135-0042 東京都江東区木場１−５−３０,03-5606-5234
オーケー矢口店,146-0093 東京都大田区矢口2-12-23,03-6459-8126
�螢灰献沺．灰献沺潺咼奪�カメラ八王子高倉店,192-0033 東京都八王子市高倉町４９−３ コープみらい高倉店２階,042-649-5522
眼鏡市場　スーパービバホーム豊洲,135-0061 東京都江東区豊洲３ー４ー８　２１４ーA区画,03-5166-3200
オーケー用賀駅前店,158-0097 東京都世田谷区用賀２−３９−１８,03-5797-5655
ビジョンメガネアメリア稲城店,206-0812 東京都稲城市矢野口２２８４−１ アメリア稲城２Ｆ,042-370-7889
株式会社　優工社,144-0052 東京都大田区蒲田２−６−４,03-3732-1616
補聴器ストア上北台店,207-0021 東京都東大和市立野２−２−５ エストヴォーレ上北台１０２,042-843-8110
コーナンPRO八王子小宮店,192-0031 東京都八王子市小宮町242番地2,042-656-8357
一橋大学消費生活協同組合　西ショップ,186-8601 東京都国立市中２−１,042-575-4184
リオネットセンター城南　大岡山店,145-0062 東京都大田区北千束1-51-5,03-6421-3041
�螢筌泪瀬妊鵐�　テックランド足立店,121-0076 東京都足立区平野２−１−５,03-5831-2880
サンドラッグ青梅新町,198-0024 東京都青梅市新町４−３０−２,0428-32-9279
クリエイトSD聖蹟桜ヶ丘店,206-0002 東京都多摩市一ノ宮１−２６−１,042-357-1478
レッツゴーイイダ,179-0071 東京都練馬区旭町１−３７−１３,03-3975-5420
吉良電器,195-0061 東京都町田市鶴川3-14-1,042-735-2297
株式会社ミタカ電器,180-0013 東京都武蔵野市西久保２−２７−１３,0422-51-1504
みみエイド東十条店,114-0001 東京都北区東十条３−１２−３,03-5944-6141
メガネスーパー吉祥寺サンロード店,180-0004 東京都武蔵野市吉祥寺本町1丁目9番地9,0422-23-6155
�螢筌泪瀬妊鵐�テックランド稲城若葉台店,206-0824 東京都稲城市若葉台２丁目８番,042-350-3416
有限会社　ノーブルテレビ商会,161-0031 東京都新宿区西落合１−１６−４,03-3951-1233
ホームセンターコーナン　江東深川店,135-0033 東京都江東区深川１丁目６番２号,03-5639-9705
�螢筌泪瀬妊鵐�　テックランド大泉学園店ＰＣ館,178-0061 東京都練馬区大泉学園町４丁目２７−２１,03-5935-0685
サンドラッグ南平,191-0041 東京都日野市南平２−６４−５,042-599-3166
ＤＣＭ東久留米南町店,203-0031 東京都東久留米市南町１−６−１１,042-468-5513
�蟆�山電気商会,150-0001 東京都渋谷区神宮前３−４２−９,03-3401-0773
メガネストアー　練馬店,176-0012 東京都練馬区豊玉北5-23 AGポイント,03-3948-2148
加藤電気,153-0064 東京都目黒区下目黒３−１９−９−１０１,03-6303-1842
眼鏡市場　八王子楢原,193-0803 東京都八王子市楢原町３１６番地９,042-620-4728
ケーズデンキ足立店,120-0046 東京都足立区小台1-20-6,03-5813-5252
サンドラッグ八王子高倉,192-0033 東京都八王子市高倉町５５−１０,042-631-5201
ヒヤリングストア　新宿西口店,160-0023 東京都新宿区西新宿1-3-3 品川ステーションビル5F,03-6304-5388
オーケー成城店,157-0066 東京都世田谷区成城３−１８−３,03-5494-6370
サンドラッグ立川羽衣町,190-0021 東京都立川市羽衣町２−６６,042-548-1537
パナピットいいだ,188-0014 東京都西東京市芝久保町４−２２−１３,042-463-5955
ヒヤリングストア自由が丘店,152-0035 東京都目黒区自由が丘１−２６−４ ステラ自由が丘６階,03-3723-2055
�螢筌泪瀬妊鵐�　テックランド東久留米野火止店,203-0041 東京都東久留米市野火止一丁目３−３,042-420-3311
(有)ヤマザキ電化　池上館,146-0082 東京都大田区池上６−１４−１,03-5700-0033
アヴァンワタナベ,131-0032 東京都墨田区東向島６−５３−２０,03-3614-2020
�螢灰献沺．灰献沺潺咼奪�カメラ南砂町SUNAMO店,136-0075 東京都江東区新砂３−４−３１ 南砂町ショッピングセンターSUNAMO 2階,03-5665-7313
オーケー青物横丁店,140-0004 東京都品川区南品川３−４−１,03-5796-2910
ケーズデンキ足立一ツ家店,121-0075 東京都足立区一ツ家三丁目8番18号,03-5851-8806
イトーヨーカ堂　大森店,143-0016 東京都大田区大森北2-13-1,03-5762-0111
メガネストアー　日野駅前店,191-0002 東京都日野市新町1-18-1 ウィステリア日野１Ｆ,042-587-5408
メガネストアー　巣鴨店,170-0002 東京都豊島区巣鴨2-9-25 クリエイトビル1F,03-3949-6948
メガネ　パリ　ミキ　成城学園前店,157-0066 東京都世田谷区成城６−５−２９,03-3483-7481
プラスワン平和島(有)稔電器,143-0016 東京都大田区大森北６−２６−７,03-3765-8118
ジュエリーこまつ株式会社,114-0031 東京都北区十条仲原1-2-1,0359932256
株式会社よしや大山店,173-0023 東京都板橋区大山町36-7,03-3973-5815
�螢灰献沺．灰献沺潺咼奪�カメラ善福寺店,167-0041 東京都杉並区善福寺１ー３４ー２４,03-5310-3500
�蠅垢困�でんき,171-0051 東京都豊島区長崎１−４−６,03-3959-1994
ユニディ若葉台店,206-0824 東京都稲城市若葉台2-6,042-350-6901
オーケー小金井店,184-0004 東京都小金井市本町1-13-33,042-382-6610
株式会社オウシンデンキ,114-0001 東京都北区東十条１−１９−１２,03-3927-0031
カーダヒヤリング,156-0052 東京都世田谷区経堂２−７−１３,03-5450-4133
有限会社　ナダカ電研,111-0031 東京都台東区千束1-8-5 ナダカ電研ビル,03-3874-7961
まるやデンキ　マブハウス,171-0014 東京都豊島区池袋２−７２−１０,03-3986-2918
メガネストアー　鶴川東店,195-0053 東京都町田市能ヶ谷町4-5-1 ベルメゾン,042-735-7498
ONESTEP三立,185-0021 東京都国分寺市南町２−１０−１６ 松屋ビル１階,042-324-2262
メガネスーパー水道橋,101-0061 東京都千代田区三崎町2-9-1 TSビル1階,03-5275-5038
ＤＣＭ稲城押立店,206-0811 東京都稲城市押立1777-1,042-378-0911
サンドラッグ稲城若葉台,206-0824 東京都稲城市若葉台4丁目1,042-407-9861
メガネ　パリ　ミキ　渋谷店,150-0041 東京都渋谷区神南１丁目２１番１号 日本生命ビル　１Ｆ,03-3496-7538
コメリ　ハードアンドグリーン　日野新町店,191-0002 東京都日野市新町４丁目２６番地９,042-582-6271
片山メガネ篠崎店,133-0061 東京都江戸川区篠崎町２−３−１０,0336760813
ビーバープロ町田木曽店,194-0037 東京都町田市木曽西3-26-7,042-789-6488
オーケー葛西店,134-0084 東京都江戸川区東葛西9-3-6,03-5679-9766
有限会社セイブデンキ,207-0013 東京都東大和市向原５−１１４９,042-562-0975
メガネスーパー新橋外堀通り,105-0004 東京都港区新橋1-18-12 新橋一丁目ビル１Ｆ,03-5532-1275
株式会社金井無線電機,180-0021 東京都武蔵野市桜堤１−８−６,0422-51-9000
富士メガネ　武蔵境店,180-0023 東京都武蔵野市境南町2-2-20 イトーヨーカドー武蔵境店東館４F,0422-34-6156
サンドラッグ伊奈平,208-0023 東京都武蔵村山市伊奈平６−１−１,042-520-0351
イトーヨーカ堂　武蔵小金井店,184-0004 東京都小金井市本町６−１４−９,042-382-1211
ビジョンメガネ亀有店,125-0061 東京都葛飾区亀有３−３２−１２,03-6662-5111
メガネスーパービバホーム豊洲,135-0061 東京都江東区豊洲3-4-8 スーパービバホーム豊洲２Ｆ専門店街,03-5548-2099
チトセメガネ補聴器相談室,156-0054 東京都世田谷区桜丘５−４７−２３,03-3427-0321
イトーヨーカ堂　高砂店,125-0054 東京都葛飾区高砂３−１２−５,03-3659-7171
オーケー杉並宮前店,168-0081 東京都杉並区宮前4-26-5,03-5941-6871
オリンピック　　早稲田店,169-0075 東京都新宿区高田馬場１−１−１５ オリンピック　早稲田ビル,03-3204-6791
有限会社いとう電気,203-0013 東京都東久留米市新川町１−６−７,042-471-5626
メガネ　パリミキ　板橋カスミ店,174-0063 東京都板橋区前野町３−２０−１ フードスクエアカスミ板橋前野町店　１階,03-5918-7702
眼鏡市場　アリオ亀有,125-0061 東京都葛飾区亀有３ー４９ー３ 　 アリオ亀有３F,03-5629-9118
メガネストアー　桜新町店,154-0015 東京都世田谷区桜新町1-8-8 橋本ビル,03-5477-6748
オーケー上板橋店,174-0075 東京都板橋区桜川3-25-4,03-6906-6035
�螢筌泪瀬妊鵐�テックランド錦糸町店,130-0012 東京都墨田区太平４丁目１番５号（２階）,03-5819-0217
株式会社  サテライト・ウェイブ,179-0085 東京都練馬区早宮2-16-32,03-3559-2411
サンドラッグ八王子片倉,192-0914 東京都八王子市片倉町３５００−１,042-632-5250
メガネストアー　高幡不動店,191-0031 東京都日野市高幡711-6 ミヨシ高幡ビル,042-592-6208
朝日電機商事��,101-0047 東京都千代田区内神田2-13-6,03-3252-8915
プロショップ大塚　阿佐ヶ谷店,166-0004 東京都杉並区阿佐谷南2-17-8 ランドエイトビル2階,03-6383-1198
サンドラッグ西東京泉町,202-0011 東京都西東京市泉町３−１３−１９,042-439-7201
株式会社リオネットセンター城南,140-0011 東京都品川区東大井５−１１−４ 栄隆ビル１Ｆ,03-3458-3311
イオンスタイル南砂,136-0076 東京都江東区南砂６−７−１５,03-5677-3500
�蠹臙� ホームズ昭島店,196-0014 東京都昭島市田中町3-8-5,042-500-2622
メガネ パリ ミキ　立川すずかけ通り店,190-0004 東京都立川市柏町１−９−６,042-535-1095
�螢螢�ネットセンター城南　三軒茶屋店,154-0004 東京都世田谷区太子堂３−１４−１ 千葉ビル１０２,03-6805-3140
�螢瓮�ネのヒラタ,108-0014 東京都港区芝5-22-8,03-3453-2900
ホームセンターコーナン　杉並高井戸店,168-0073 東京都杉並区下高井戸五丁目12番12号,03-5316-2057
麻生補聴器ホールディングス株式会社　町田店,194-0021 東京都町田市中町1-5-3 CLA司法関連・公証宇センタービル1階A号,042-710-4133
オーケー北赤羽店,115-0051 東京都北区浮間5-3-27,03-5918-6605
メガネ パリ ミキ　吉祥寺店,180-0004 東京都武蔵野市吉祥寺本町１−１１−２５,0422-21-3685
(有)ささでん,145-0062 東京都大田区石川町2-10-5-A106 東急ドエルアルス石川台,03-3727-8371
ホームセンターコーナンドイト南砂店,136-0076 東京都江東区南砂６-７-１５,03-5677-4715
眼鏡市場小平府中街道,187-0032 東京都小平市小川町２−２０６２−１,042-341-7798
コメリ　ハードアンドグリーン　青梅今寺店,198-0021 東京都青梅市今寺４丁目２３−３,0428-30-7461
メガネストアー　富士見台店,176-0021 東京都練馬区貫井3-3-9,03-3926-8222
電化の総合サービスECS,194-0012 東京都町田市金森４−２９−８,042-796-4558
ヒヤリングストアグランデュオ蒲田店,144-0051 東京都大田区西蒲田7-68-17-68-1 グランデュオ蒲田西館6F,050-3116-8479
メガネストアー　町屋店,116-0002 東京都荒川区荒川7-46-1 マークスタワー町屋106号,03-5901-6388
株式会社フジレック,114-0024 東京都北区西ケ原1-3-4,03-3910-5400
眼鏡市場　東大和店,207-0013 東京都東大和市向原１−３−１,042-590-2323
オーケー荻窪店,167-0052 東京都杉並区南荻窪４−２６−１,03-3332-7787
山菱電器産業株式会社,155-0033 東京都世田谷区代田１−２３−７,03-3411-2723
電化のサトウ,121-0836 東京都足立区入谷3-11-1,03-3853-1761
(有)佐藤電気商会,169-0075 東京都新宿区高田馬場３−１３−１,03-3367-0310
メガネ　パリ　ミキ　日暮里店,116-0014 東京都荒川区東日暮里５−４５−１０,03-3806-8898
朝倉メガネ　四谷店,160-0004 東京都新宿区四谷1-8 佐伯千成ビル,03-3357-2251
立川補聴器センター,190-0011 東京都立川市高松町3-21-4 アストル1F,042-527-8555
メガネストアー　矢川店,186-0003 東京都国立市富士見台3-24-18 ファラオ国立,042-571-5538
ブルーム銀座店,104-0061 東京都中央区銀座２−１１−８ ラウンドクロス銀座２丁目　B１階,03-3544-3268
メガネストアー　お花茶屋店,124-0003 東京都葛飾区お花茶屋1-24-1 関口ビル1F,03-5680-9758
�蟠蕎貪典‐Σ�,160-0022 東京都新宿区新宿1-18-10,03-3350-0081
眼鏡市場　足立保木間,121-0064 東京都足立区保木間1-30-10,03-5831-8488
フジワラ電器,180-0021 東京都武蔵野市桜堤２−１２−２０,0422-52-0209
大塚補聴器吉祥寺店,180-0004 東京都武蔵野市吉祥寺本町１−１５−９ 岩��吉祥寺ビル８階,0422-27-1139
三光電気株式会社,141-0031 東京都品川区西五反田１−７−１ プラグマＧタワー１０８号,03-3494-1048
メガネストアー　梅島店,123-0851 東京都足立区梅田7-36-1,03-5888-3588
眼鏡市場　小平青梅街道天神,187-0004 東京都小平市天神町４丁目３５ー１,042-349-2118
�螢灰献沺．灰献沺潺咼奪�カメラ池上店,146-0082 東京都大田区池上３−２−１,03-5747-5511
株式会社よしや仲宿店,173-0005 東京都板橋区仲宿43-6,03-3962-1591
メガネストアー　元八王子店,193-0823 東京都八王子市横川町1120-1,042-627-6008
ビーバープロ経堂店,156-0052 東京都世田谷区経堂５−３３−１,03-5426-5533
ホームセンターコーナン西東京田無店,188-0004 東京都西東京市西原町４丁目２番８号,042-460-5701
株式会社よしや中板橋店,173-0016 東京都板橋区中板橋16-10,03-3962-0448
オーケー南大沢店,192-0373 東京都八王子市上柚木3-13-1,042-653-3870
メガネ パリ ミキ　練馬春日町店,179-0074 東京都練馬区春日町４−１７−１４,03-5241-5088
リオネットセンター町田,194-0022 東京都町田市森野1-22-5 五十子ビル2F,042-727-3311
リオネットセンター八王子,192-0904 東京都八王子市子安町4-10-15,042-686-0380
クリエイトS・D足立西新井栄町店,123-0843 東京都足立区西新井栄町1-8-5,03-5845-3611
�螢筌泪瀬妊鵐�　ＬＡＢＩ東京八重洲,103-0028 東京都中央区八重洲一丁目５番２２号,03-3510-9098
オーケー南六郷店,144-0045 東京都大田区南六郷2-33-3,03-5713-1690
�蠹臙� 大谷田店,120-0001 東京都足立区大谷田4-9-20,03-5697-6811
眼鏡市場　杉並成田西,166-0016 東京都杉並区成田西3-20-3,03-5335-2328
サンドラッグ光が丘,179-0075 東京都練馬区高松４−４−１２,03-3970-3090
第一電器,194-0212 東京都町田市小山町3547-13,0427741342
ファマーズマーケット　千歳屋,206-0033 東京都多摩市落合1-39-2 マグレブビル２階,042-337-6333
オーケー下石神井店,177-0042 東京都練馬区下石神井4-30-12,03-6913-2702
眼鏡市場　あきる野,197-0828 東京都あきる野市秋留５丁目１番２,042-532-0048
有限会社代々木補聴器センター,151-0053 東京都渋谷区代々木１−２８−１ ダムビル２階,03-3320-1670
ヒヤリングストア二子玉川店,158-0094 東京都世田谷区玉川3-10-8 アークビル３階,03-5797-5588
オーケー板橋本町店,173-0001 東京都板橋区本町38-9,03-5944-1550
株式会社三晃電機,144-0051 東京都大田区西蒲田7-48-10,03-3731-0131
補聴器ストア久米川店,189-0013 東京都東村山市栄町２−１９−３ 森田ビル１０３,042-306-2202
（有）東大でんき,153-0063 東京都目黒区目黒４−２３−２１,03-3715-0228
�螢灰献沺．灰献沺潺咼奪�カメラ有明ガーデン店,135-0063 東京都江東区有明２−１−８ ガーデンショッピングシティ3階,03-5500-5252
イオンスタイル御嶽山駅前,145-0073 東京都大田区北嶺町37-13,03-3727-4000
有限会社　ワイ・ディ・エス,111-0032 東京都台東区浅草６−３−７,03-3873-9841
コーナンPRO　板橋徳丸店,175-0083 東京都板橋区徳丸8丁目4番2号,03-5945-1757
メガネスーパー千歳烏山,157-0062 東京都世田谷区南烏山4-12-6 ＡＭビル１Ｆ,03-5314-2150
�螢筌泪瀬妊鵐�　マツヤデンキ　学芸大学店,152-0004 東京都目黒区鷹番２−２１−１１,03-3792-8431
オーケー足立小台店,120-0046 東京都足立区小台1-17-1,03-5284-4571
パナピット　マツオカ　滝山,203-0033 東京都東久留米市滝山4-1-36,042-471-7187
今野電機,107-0052 東京都港区赤坂７−１０−６ 今野ビル,03-3582-6216
メガネスーパー亀戸,136-0071 東京都江東区亀戸2-27-11 風月堂第２ビル１Ｆ,03-3637-5106
オーケー池尻大橋店,154-0001 東京都世田谷区池尻3-27-11,03-5787-5087
サンドラッグ東砂,136-0074 東京都江東区東砂１−３−３８,03-5633-7405
有限会社　アタックマルオデンキ,182-0022 東京都調布市国領町7-35-8,042-484-1354
メガネスーパーららぽーと豊洲,135-0061 東京都江東区豊洲2-4-9アーバンドック ららぽーと豊洲３Ｆ　30420区画,03-3536-8786
ボイスセンター府中補聴器相談室,183-0056 東京都府中市寿町1-8-19 アネックス１階,042-354-4511
喜多見ドレミ補聴器,157-0067 東京都世田谷区喜多見８−２２−６,03-5727-8202
パナソニック補聴器株式会社　プラザ東京,101-0062 東京都千代田区神田駿河台３−２ 新御茶ノ水アーバントリニティービルＢ２階,03-3251-3349
眼鏡市場　フォレストモール八王子大和田,192-0045 東京都八王子市大和田町５丁目７−１８,042-656-6786
メガネストアー　江古田店,176-0005 東京都練馬区旭丘1-66-2 ライフェリア江古田102号室,03-3954-5698
メガネストアー　福生店,197-0011 東京都福生市福生1109-2,042-552-0388
メガネ パリ ミキ　日本橋本店,103-0022 東京都中央区日本橋室町2-4-3 ＹＵＩＴＯ　1Ｆ,03-3242-3571
サンドラッグ八王子みなみ野,192-0916 東京都八王子市みなみ野１−８−１,042-632-8021
株式会社　金子電気,114-0024 東京都北区西ケ原１−３−７,03-3910-0660
サンドラッグ秋川,197-0804 東京都あきる野市秋川４−１−１,042-518-2790
株式会社　芝江電機　上野毛店,158-0093 東京都世田谷区上野毛１−１８−１７−１Ｆ ウスイビル,03-3703-1944
有限会社　池原電機工業所,110-0013 東京都台東区入谷1-3-3 池原ビル,03-3875-1492
和真メガネ　イーアス高尾店,193-0834 東京都八王子市東浅川町550-1 イーアス高尾1階,042-673-5744
エニータイムエイデン,125-0061 東京都葛飾区亀有５−２１−１０,03-3605-4598
オリンピック町田忠生店,194-0037 東京都町田市木曽西２−１７−２１ ショッピングセンター３０５,042-792-3777
株式会社　花園電気,176-0024 東京都練馬区中村1-7-14,03-3999-6356
オーケー立川若葉町店,190-0001 東京都立川市若葉町1-7-1,042-537-7316
眼鏡市場　東村山店,189-0003 東京都東村山市久米川町４−２５−１,042-390-5188
オリゾン　雪谷店,145-0066 東京都大田区南雪谷２−15−8,03-3727-5230
�螢筌泪瀬妊鵐�　マツヤデンキ　西小山店,152-0011 東京都目黒区原町１−６−６,03-3716-4121
メガネ　パリミキ　ままともプラザ町田店,194-0023 東京都町田市旭町1丁目24番１号 ままともプラザ町田１F,042-727-3559
メガネスーパー秋葉原駅前,101-0021 東京都千代田区外神田4-1-8 カンブンドービル１Ｆ,03-6206-4818
西部補聴器,197-0003 東京都福生市熊川1696-3 かやの木ビル2F,042-530-7559
オーケー西新井店,123-0841 東京都足立区西新井1-39-8,03-5647-8960
メガネストアー　成瀬店,194-0045 東京都町田市南成瀬１-2-6 アマノビル1F,042-725-0858
�螢筌泪瀬妊鵐�　LABI1池袋本店,170-0013 東京都豊島区東池袋１−５−７,03-5958-7770
コーナンPRO志村坂下店,174-0042 東京都板橋区東坂下二丁目17番8号,03-6454-5714
AudioNova東府中店,183-0015 東京都府中市清水が丘1-8-3 京王トリナード東府中106,042-319-8953
有限会社セキネデンキ,158-0091 東京都世田谷区中町４−８−５,03-3701-5543
�螢筌泪瀬妊鵐�　テックランド セブンタウン小豆沢店,174-0051 東京都板橋区小豆沢三丁目９番４号 セブンタウン小豆沢内,03-5939-8888
パートナーズ補聴器,130-0005 東京都墨田区東駒形3-18-10 エグゼクトビル601,03-5809-7586
オリンピック　関町店,177-0053 東京都練馬区関町南1-1-4,03-3928-2311
ビジョンメガネ高島平店,175-0082 東京都板橋区高島平８−１１−１１ ＳＤビル１Ｆ,03-3935-2949
ＤＣＭ小金井店,184-0012 東京都小金井市中町１−１３−２４,042-385-5515
眼鏡市場　羽村市役所通り,205-0002 東京都羽村市栄町１−１２−８,042-579-6188
眼鏡市場　吉祥寺本店,180-0004 東京都武蔵野市吉祥寺本町１丁目１番９号,0422-29-7058
オーケー梅屋敷店,143-0015 東京都大田区大森西6-5-6,03-6459-6127
東陽電気株式会社,135-0016 東京都江東区東陽４−８−１０,03-3647-0808
成宗無線,166-0015 東京都杉並区成田東５−１２−２１,03-3392-5702
多摩芝電機株式会社,187-0043 東京都小平市学園東町１−３−９,042-342-2424
�蠹臙� 中野店,164-0001 東京都中野区中野2-10-11 【電池担当者以外回収なし】,03-5342-6311
ブルーム神田店,101-0046 東京都千代田区神田多町２−１１−２８ 中林ビル,03-3256-4735
眼鏡市場　ミスターマックス町田多摩境ＳＣ,194-0215 東京都町田市小山ヶ丘６−１−１０,042-775-6113
眼鏡市場　北葛西,134-0081 東京都江戸川区北葛西５丁目３０番１４号,03-5679-5545
小沢電気,100-1511 東京都八丈島八丈町三根３６３,04996-2-1500
株式会社　マツモト,110-0012 東京都台東区竜泉３−８−２,03-3872-8111
サンドラッグ三鷹牟礼,181-0002 東京都三鷹市牟礼５−８−１１,0422-41-6177
メガネの愛眼　イオン葛西店,134-0088 東京都江戸川区西葛西3-9-19 イオン葛西店３Ｆ,03-3689-1789
リオネットセンター渋谷店,150-0002 東京都渋谷区渋谷3-6-19 第一矢木ビル1階,03-5467-4021
オグラ眼鏡　大丸東京店,100-6701 東京都千代田区丸の内1-9-1 大丸東京店１０Fメガネサロン,03-3212-8980
オーディオ・ノバ聖蹟桜ヶ丘店,206-0011 東京都多摩市関戸１−１−５ ザ・スクエア２F,042-319-6472
サンドラッグ町田野津田,195-0063 東京都町田市野津田1119,042-737-2081
オーケー田園調布店,145-0072 東京都大田区田園調布本町52-1,03-5755-5880
ホームセンターコーナン王子堀船店,114-0004 東京都北区堀船１−２３−１３,03-5902-3500
メガネストアー　豪徳寺店,154-0021 東京都世田谷区豪徳寺1-41-4,03-5450-5938
�螢灰献沺．灰献泯�ビックカメラ江戸川店,132-0021 東京都江戸川区中央1-8-4,03-5607-7555
和真メガネ吉祥寺店,180-0004 東京都武蔵野市吉祥寺本町１−１２−１０ 西友３Ｆ,0422216146
眼鏡市場　板橋下赤塚,175-0092 東京都板橋区赤塚２-５-１１,03-5967-0858
菅谷電気〔株）,144-0055 東京都大田区仲六郷４−２８−３,03-3732-4661
ホームセンターコーナン足立扇店,123-0873 東京都足立区扇１４-１０,03-5647-5751
有限会社　旭電気商会,133-0057 東京都江戸川区西小岩５−１４−１２,03-3673-6331
メガネスーパー大岡山駅前,145-0062 東京都大田区北千束1-51-8,03-5726-4950
眼鏡市場　高島平,175-0082 東京都板橋区高島平８−１９−１５,03-5922-6538
有限会社ナガデン,166-0012 東京都杉並区和田3-60-10,03-3311-1234
メガネスーパー経堂農大通り,156-0052 東京都世田谷区経堂1-21-19,03-5451-7955
�螢筌泪瀬妊鵐�　テックランドＮｅｗ八王子別所店,192-0363 東京都八王子市別所2-56 ぐりーんうぉーく多摩内,042-678-7080
有限会社　中井眼鏡室,132-0035 東京都江戸川区平井５−１７−２,03-3612-5740
オーケー平野店,135-0023 東京都江東区平野2-11-5,03-6458-5931
エニータイムとみざわ,171-0022 東京都豊島区南池袋2-23-4 富澤ビル1F,03-3971-5345
眼鏡市場　上野店,110-0005 東京都台東区上野４-９-１５,03-3831-8368
株式会社　レンツ・アンド・ゼスト,132-0031 東京都江戸川区松島１−１５−１１ けやきコーポ　１階,03-3674-6180
メガネスーパー三軒茶屋,154-0024 東京都世田谷区三軒茶屋2-14-8 鍋谷ビル１Ｆ,03-5779-6877
有限会社ソノベ電機商会,176-0012 東京都練馬区豊玉北3-6-3 桜台フラワーホーム112,03-3992-0025
メガネ　パリミキ　イオンモール日の出店,190-0182 東京都西多摩郡日の出町平井２３７番地３ イオンモール日の出３F,042-519-9277
ショップドイ,170-0011 東京都豊島区池袋本町３−７−２５,03-3988-5631
ケーズデンキ立川店,190-0015 東京都立川市泉町841-7,042-538-2311
オーケー新用賀店,158-0097 東京都世田谷区用賀4−21−１,03-6447-9415
�螢灰献沺．灰献沺潺咼奪�カメラ福生店,197-0022 東京都福生市本町36-1,042-539-3711
パリミキ 新小岩店,124-0024 東京都葛飾区新小岩1丁目49番3号 第28東ビル,03-5678-9780
眼鏡市場　武蔵小山パルム,142-0062 東京都品川区小山３−２４−２,03-5751-7178
メガネストアー　西永福駅前店,168-0064 東京都杉並区永福3-55-2,03-3323-8308
�螢灰献沺．灰献沺潺咼奪�カメラ用賀店,158-0097 東京都世田谷区用賀２−２０−１２,03-5491-2611
ＤＣＭ調布店,182-0025 東京都調布市多摩川1-9-2,042-499-0191
ブルーム吉祥寺店,180-0004 東京都武蔵野市吉祥寺本町１−９−１０ シュープラザビル5階,0422-28-7800
サミットストア大泉学園前店,178-0061 東京都練馬区大泉学園町６−２９−３０,03-3924-8116
眼鏡のアイガン　イオン板橋店,175-0083 東京都板橋区徳丸2-6-1 イオン板橋ショッピングセンター４F,03-5920-2501
リオネットセンター中野店,164-0001 東京都中野区中野2-29-17 西條ビル2階,03-6454-1133
メガネスーパー高田馬場本店,169-0075 東京都新宿区高田馬場1-28-6 清光ハイム１Ｆ,03-3232-1718
株式会社　大垣電器,132-0031 東京都江戸川区松島４−４６−１５,03-3651-5141
有限会社パラックス,151-0072 東京都渋谷区幡ケ谷２−３−８,03-3377-7197
ふくいめがねSpot多摩センター店,206-0033 東京都多摩市落合1-44 丘の上プラザ　4F,042-371-3225
メガネストアー　清瀬店,204-0022 東京都清瀬市松山1-12-18 第2拓実ビル,042-495-3848
メガネスーパー王子,114-0002 東京都北区王子1-10-15 リバティ館１Ｆ,03-5902-5666
オーケー豊玉南店,176-0014 東京都練馬区豊玉南1-1-14,03-6914-5177
ケーズデンキ東久留米店,203-0043 東京都東久留米市下里6丁目3番9号,042-479-0951
眼鏡市場　ミッテン府中,183-0023 東京都府中市宮町１丁目４１ー２　 ミッテン府中２階,042-319-0059
メガネ　パリミキ　DIGNA HOUSE Audio studio,107-0062 東京都港区南青山5-10-2 第2九曜ビル104号,03-6805-1350
ミミー補聴器株式会社,170-0002 東京都豊島区巣鴨4-28-4,03-5961-1533
オリンピック三ノ輪店,116-0014 東京都荒川区東日暮里1-14-1,03-3891-8411
�螢灰献沺．灰献沺潺咼奪�カメラ三鷹店,181-0014 東京都三鷹市野崎１ー３ー１０,0422-79-6600
オーケー十条店,114-0031 東京都北区十条仲原３−１４−５,03-5963-5028
メガネストアー　西八王子店,193-0835 東京都八王子市千人町3-17-1 安藤ビル,042-662-8448
あんしゃらら,173-0004 東京都板橋区板橋3-２−６ メゾンミキ　１０２,03-5944-1848
眼鏡工房たちばな,175-0092 東京都板橋区赤塚２−１４−２１,0339388233
メガネ パリ ミキ　立川駅前店,190-0023 東京都立川市柴崎町二丁目１−５,042-529-8891
オーケーひばりが丘店,188-0001 東京都西東京市谷戸町2-3-7,042439-6096
ホームセンターコーナン　練馬大泉店,178-0062 東京都練馬区大泉町五丁目6番51号,03-6904-5708
�蠹臙� 府中店,183-0044 東京都府中市日鋼町1-26,050-1712-4314
ヒヤリング・ディストリビュータ・ジャパン株式会社　池田補聴器　広尾店,150-0012 東京都渋谷区広尾１丁目１０−６ 広尾ピア寿々1F,03-6447-7455
（株）オリンピック　　白山店,113-0024 東京都文京区西片1-17-11,03-3813-9121
�螢筌泪瀬妊鵐�　ＬＡＢＩ　自由が丘,152-0034 東京都目黒区緑が丘２−１７−９,03-5731-7255
�螢灰献沺．灰献沺潺咼奪�カメラ聖蹟桜ヶ丘駅店,206-0011 東京都多摩市関戸１−１１−１ 京王聖蹟桜ヶ丘ショッピングセンターA館6階,042-310-1111
�蠹臙� ホームズ中野本店,164-0014 東京都中野区南台5-24-13,050-1712-4333
中村電設（株）,165-0025 東京都中野区沼袋２−３２−７,03-3386-0405
ケーズデンキ八王子店,192-0906 東京都八王子市北野町５９２−１,042-631-8970
オンワ(株)リオネットセンター小平店,187-0002 東京都小平市花小金井1-12-4 AXIS-K3 101,042-452-6669
イトーヨーカ堂　アリオ西新井店,123-0843 東京都足立区西新井栄町１−２０−１,03-3852-9111
メガネストアー　押上店,131-0045 東京都墨田区押上1-24-2 川新ビル1F,03-3622-0248
プラスワンライフ事業協同組合シグマ烏山,157-0062 東京都世田谷区南烏山６−４−３２,03-3300-2560
オリンピック長原店,145-0063 東京都大田区南千束１−３−１ 洗足ミナミプラザ,03-3728-5801
メガネ　パリミキ　上野マルイ店,110-5802 東京都台東区上野６−１５−１ 上野マルイ　５F,03-5826-8627
メガネスーパー中野サンモール,164-0001 東京都中野区中野5-60-9,03-5942-5708
コーナンPRO花小金井店,187-0002 東京都小平市花小金井四丁目35番5号,042-470-3157
�螢灰献沺．灰献沺潺咼奪�カメラ成城店,157-0066 東京都世田谷区成城１−３−１,03-3415-3122
メガネの愛眼　アスタ田無駅前店,188-0011 東京都西東京市田無町2-1-1 アスタ１Ｆ,042-460-2255
有限会社　ユウ・アイ,183-0011 東京都府中市白糸台４−１６−１,042-365-5681
エイド�蠎�由が丘,152-0035 東京都目黒区自由が丘1-13-14 自由が丘スカイビル,03-5726-0520
株式会社カクシン電機代田橋,156-0041 東京都世田谷区大原2-17-6 ステーションプラザ105,03-3323-5505
ラオックス井門蒲田店,144-0051 東京都大田区西蒲田７−６６−３,03-3734-5171
ホームセンターコーナンドイト西新井店,123-0845 東京都足立区西新井本町２-３１-１,03-3896-6241
東京リオネット販売(株)　リオネットセンター立川南口,190-0023 東京都立川市柴崎町３−６−５ 五十嵐ビル４階,042-523-3321
矢崎　電機��,151-0053 東京都渋谷区代々木1-13-9 アンクロイワ1F,03-3375-1486
ホームセンターコーナン　品川八潮店,140-0003 東京都品川区八潮五丁目5番3号,03-5755-9146
メガネストアー　経堂店,156-0052 東京都世田谷区経堂1-24-17 Mビル,03-5450-5758
(有)古川橋電気商会,108-0072 東京都港区白金１−１−１ 古川橋電気商会,03-3441-8846
メガネスーパー八重洲地下街,104-0028 東京都中央区八重洲２丁目１ 地下街中 2号,03-6262-6767
ササデン　東高円寺,166-0012 東京都杉並区和田3-61-7,03-3313-5598
ビジョンメガネコピオ北野店,192-0906 東京都八王子市北野町５４５番地の３ コピオ北野１階,042-660-1558
リオネットセンター,151-0053 東京都渋谷区代々木2-1-5 JR南新宿ビル1階,03-3379-5524
ビバホーム板橋前野店,174-0063 東京都板橋区前野町３丁目３７番１８号,03-5914-3411
(有)ヤマザキ電化　久が原店,145-0074 東京都大田区東嶺町３０−１８,03-3758-5555
メガネスーパー永福町,168-0064 東京都杉並区永福4-1-14,03-5355-0776
パナハルス三晃,143-0015 東京都大田区大森西５−１０−１０,0332981135
�螢筌泪瀬妊鵐�　LABI渋谷,150-0043 東京都渋谷区道玄坂２−２９−２０,03-5456-6300
オーケー銀座店,104-0061 東京都中央区銀座３丁目２−１,03-3528-6531
�螢筌泪瀬妊鵐�　IDC　OTSUKA　 新宿ショールーム,162-0022 東京都新宿区新宿3-33-1,03-5379-4321
メガネフラワーイオンスタイル河辺店,198-0036 東京都青梅市河辺町10-7-1 イオンスタイル河辺4F,0428-84-0025
イトーヨーカ堂　東大和店,207-0022 東京都東大和市桜が丘２−１４２−１,042-562-5111
浜野無線株式会社,105-0014 東京都港区芝３−１７−１４ 三田浜ビル１階,03-3452-2441
キシフォート 蒲田店,144-0051 東京都大田区西蒲田７−６７−６,03-3730-0555
オーケー東伏見店,202-0021 東京都西東京市東伏見5-1-26,042-452-7220
茨田電気商会,143-0013 東京都大田区大森南３−４−４,03-3741-3741
�螢灰献沺．灰献沺潺咼奪�カメラ新小岩店,124-0023 東京都葛飾区東新小岩２ー１８ー２,03-5672-0811
イトーヨーカ堂　南大沢店,192-0364 東京都八王子市南大沢２−２８−１,042-678-1811
あそう補聴器　八王子店,192-0046 東京都八王子市明神町4-7-3 やまとビル 2F,0426493304
�螢筌泪瀬妊鵐�　テックランド 聖蹟桜ヶ丘店,206-0011 東京都多摩市関戸４丁目７２番地 ヴィータモールせいせき２F〜４F,042-400-5501
ホームセンターコーナン　本羽田萩中店,144-0044 東京都大田区本羽田２丁目３−１,03-5735-5861
株式会社　よしや　光が丘店,175-0093 東京都板橋区赤塚新町3-32-13,03-3977-2231
メガネストアー　池上店,146-0082 東京都大田区池上7-6-11,03-3753-0458
補聴器専門店ビーサー亀戸,136-0071 東京都江東区亀戸5−5−11−304 第一ビル,03-5858-8511
株式会社ナカザト,153-0061 東京都目黒区中目黒５−２４−１９,03-3719-7456
ブルーム有楽町店,100-0006 東京都千代田区有楽町２−１０−１　 東京交通会館２階,03-3201-4133
和真メガネ光が丘店,179-0072 東京都練馬区光が丘５−１−１ リヴィン５階,03-3976-9233
�螢灰献沺．灰献沺潺咼奪�カメラ高島平店,175-0083 東京都板橋区徳丸7-25-8,03-5399-8051
エイド株式会社　東京秋葉原サテライト,101-0025 東京都千代田区神田佐久間町1-26 第七砂川ビル3F,03-6206-4271
サンドラッグ貫井北,184-0015 東京都小金井市貫井北町２−１０−１９,042-386-8381
オーケー立川富士見町店,190-0013 東京都立川市富士見町6-50-28,042-512-9951
デンカランド,166-0002 東京都杉並区高円寺北3-33-17,03-3330-3311
オーケーお台場店,135-0091 東京都港区台場2-2-1,03-6457-2812
株式会社トリイ電気商会,176-0023 東京都練馬区中村北３−２２−５,03-3990-9854
ミミー補聴器　練馬店,176-0012 東京都練馬区豊玉北５−５−１ ファミール豊玉１Ｆ,03-5877-6033
ウエノデンキ,152-0004 東京都目黒区鷹番3-15-23 アヴァンビル,03-3714-1644
メガネストアー　雪谷大塚店,145-0066 東京都大田区南雪谷2-17-13 THCビル,03-3720-2558
横島電機産業株式会社,145-0065 東京都大田区東雪谷２−２２−５,03-3729-2752
イトーヨーカ堂　亀有駅前店,125-0061 東京都葛飾区亀有３−２６−１,03-5680-2111
サンドラッグ羽村神明台,205-0023 東京都羽村市神明台２−２,042-578-5166
ＤＣＭ武蔵村山店,208-0022 東京都武蔵村山市榎３−２０−１,042-590-0766
�螢灰献沺．灰献沺潺咼奪�カメラ葛飾店,124-0012 東京都葛飾区立石４−１０−１,03-5672-3855
株式会社よしや神楽坂店,162-0825 東京都新宿区神楽坂6-11-1,03-3268-3266
サンドラッグ赤堤,156-0044 東京都世田谷区赤堤３−２４−４,03-5355-4725
眼鏡市場　東久留米駅前,203-0053 東京都東久留米市本町１ー４ー５０,042-472-7633
�螢筌泪瀬妊鵐�　LABI新宿西口館,160-0023 東京都新宿区西新宿一丁目１８−８　３階,03-5339-0511
ＤＣＭ DIY place,150-0013 東京都渋谷区恵比寿4丁目20番7号 恵比寿ガーデンプレイス  センタープラザ  1F,03-5421-7330
メガネスーパー駒沢大学前,154-0012 東京都世田谷区駒沢2-17-9 ザ・コマザワタワー　１Ｆ,03-3411-3400
メガネスーパー八王子めじろ台,193-0942 東京都八王子市椚田町537-13,042-668-8800
�蠕�電社,198-0042 東京都青梅市東青梅5-20-3,0428-23-0271
ジョーシン　つるかわ店,195-0072 東京都町田市金井８−１５−５,042-734-4751
ヒヤリングストア東武池袋店,171-8512 東京都豊島区西池袋1-1-25 東武百貨店池袋店本館8階,050-3116-8413
クリエイトS・D足立中央本町店,120-0011 東京都足立区中央本町1-15-3,03-5845-3321
有限会社立川電気,131-0046 東京都墨田区京島１−２７−５ コルディアーレ曳舟１階,03-3611-3511
メガネの愛眼 学芸大学店,152-0004 東京都目黒区鷹番2-19-23　 サンビームプラザビル1F,03-3791-4671
パナピットヤマカワ,190-0033 東京都立川市一番町2-36-15,042-531-5174
大原商会,197-0823 東京都あきる野市野辺４００,042-558-1064
メガネストアー　阿佐谷パ−ルセンター店,166-0004 東京都杉並区阿佐谷南1-34-13 魚清ビル,03-3312-8245
メガネストアー　喜多見本店,201-0004 東京都狛江市岩戸北4-20-2 ドリームGビル,03-5497-2708
メガネの田中　銀座店,104-0061 東京都中央区銀座8-8-7,03-3571-9037
(有)ツヅキ電気商会,189-0013 東京都東村山市栄町3-16-26,042-391-0237
メルシー電気商会,111-0041 東京都台東区元浅草1-14-14,03-3842-3946
宮内百貨店,121-0813 東京都足立区竹の塚６-９-３,03-3859-3381
�螢筌泪瀬妊鵐�　テックランド大泉学園店家電館,178-0061 東京都練馬区大泉学園町６−１−１,03-5387-5811
ホームセンターコーナン品川旗の台店,142-0064 東京都品川区旗の台1丁目1-11,03-5751-8257
コメリ　ハードアンドグリーン　武蔵村山中央店,208-0003 東京都武蔵村山市中央２丁目１４８−２,042-590-4771
ビジョンメガネ笹塚ＳＭ店,151-0073 東京都渋谷区笹塚１−４８−１４ 笹塚ショッピングモール　２Ｆ,03-3485-8145
富士メガネ　東京大手町ビル店,100-0004 東京都千代田区大手町1-6-1 大手町ビル１F,03-3214-4751
リオネットセンターひばりが丘店,202-0001 東京都西東京市ひばりが丘１−１−１ パルコひばりが丘　一階南側,042-439-3373
�螢灰献沺．灰献沺潺咼奪�カメラ江北駅前店,123-0845 東京都足立区西新井本町２ー３１ー２０,03-5838-1866
株式会社　でんきち竹の塚店,121-0813 東京都足立区竹の塚5-17-1 イトーヨーカドー竹の塚店,03-3859-0115
補聴器本舗　保谷店,202-0012 東京都西東京市東町4-10-19 ファインライフダイイチ１F,042-439-3316
眼鏡市場　イオン品川シーサイド,140-0002 東京都品川区東品川４−１２−５ イオン品川シーサイドＳＣ内,03-5462-1318
メガネストアー　金町店,125-0041 東京都葛飾区東金町2-18-1 マルマスビル1F,03-5699-9778
メガネストアー　都立大学駅前店,152-0031 東京都目黒区中根1-1-13 イーサ,03-3723-4988
�螢戰螢読霏⊂�山店,142-0062 東京都品川区小山３−２５−１,03-3786-3939
ユニディ狛江店,201-0003 東京都狛江市和泉本町4-6-3,03-5438-5511
はらだ電機株式会社,165-0032 東京都中野区鷺宮3-20-7,03-3339-2955
東京PCサービス,204-0021 東京都清瀬市元町1-19-13,042-493-5541
伏見眼鏡店,141-0021 東京都品川区上大崎３−１−１ 目黒セントラルスクェア　１階,03-3441-2034
�螢螢�ネットセンター城南 目黒店,141-0021 東京都品川区上大崎３−３−１ オバタビル２階,03-5792-5884
オーディオ・ノバ立川�眦膕�C.S.店,190-8507 東京都立川市曙町2-39-3 立川�眦膕�S.C.2階,042-506-1790
ノイエ・ナカムラ,179-0074 東京都練馬区春日町５−７−９,03-3990-2058
株式会社でんきのこだま,179-0072 東京都練馬区光が丘５−１−１ ＩＭＡ光が丘２Ｆ,03-3977-2171
メガネ パリ ミキ　高島平とうきゅう店,175-0082 東京都板橋区高島平９−２３−１ 高島平とうきゅう　１Ｆ,03-3934-3026
メガネスーパー上野中央通り,110-0005 東京都台東区上野4-5-5,03-3835-6025
ブルーム三田店,108-0014 東京都港区芝５−１３−１３ つるやビル1階,03-5730-2416
サンドラッグ町田木曽,194-0037 東京都町田市木曽西３−１９−１,042-791-1471
メガネのアイガン　玉川学園駅前店,194-0041 東京都町田市玉川学園7-5-4 堀ビル１F,042-707-6292
メガネ パリ ミキ　千歳台店,157-0071 東京都世田谷区千歳台５−２３−１３,03-3483-8561
小金井補聴器,184-0004 東京都小金井市本町１−１８−５ 村松ビル小金井　３Ｆ,042-316-4347
眼鏡市場　新宿京王モール,160-0023 東京都新宿区西新宿１ー１　 京王モールB１F,03-5325-0318
メガネストアー　武蔵村山店,208-0013 東京都武蔵村山市大南2-31-1 セントラル1F,042-565-9638
眼鏡市場　イトーヨーカ堂四つ木,124-0011 東京都葛飾区四つ木2-21-1 2Ｆ,03-5672-2468
ブルーム新宿店,160-0023 東京都新宿区西新宿１−７−１ 松岡セントラルビル５階,03-5325-4833
メガネ パリ ミキ　鷺宮店,165-0031 東京都中野区上鷺宮２−４−１ マインドチャージパレス　１Ｆ,03-3577-3541
メガネストアー　雑色店,144-0055 東京都大田区仲六郷2-28-3,03-5480-5481
メガネスーパー麻布十番,106-0045 東京都港区麻布十番2-1-8 グランドメゾン麻布十番館１Ｆ,03-5439-5733
オーディオ・ノバ神田店,101-0044 東京都千代田区鍛冶町１‐８‐８ 神田鍛治町ビル,03-3255-2245
サンドラッグ八王子並木町,193-0831 東京都八王子市並木町３５−１,042-668-9175
眼鏡市場　足立鹿浜,123-0864 東京都足立区鹿浜４丁目２５番１２号,03-5838-1388
池田補聴器株式会社　浜田山店,168-0065 東京都杉並区浜田山3-24-7,03-5357-8199
スーパーバリュー　練馬大泉店,178-0062 東京都練馬区大泉町５−６−５１,03-5933-1520
(有）高桑　ムセン,146-0092 東京都大田区下丸子3-10-1,03-3759-1456
有限会社サンワ電気サービス,114-0003 東京都北区豊島４-５-９,03-3927-3838
メガネの愛眼 イオン練馬店,179-0072 東京都練馬区光が丘5-1-1　 イオン練馬店３Ｆ,03-3975-0117
眼鏡市場　大田矢口渡,146-0093 東京都大田区矢口2-28-12,03-6715-2718
ブルーム赤羽店,115-0045 東京都北区赤羽1-18-3 富士越ビル1F,03-3903-2286
メガネストアー　菊川店,130-0024 東京都墨田区菊川2-3-10 オークラビル,03-3846-7348
サンドラッグ東長沼,206-0802 東京都稲城市東長沼１７３０−６,042-370-0057
有限会社ワガヤ電気商会,106-0031 東京都港区西麻布４-19-11,03-3400-6266
コーナンPRO足立竹ノ塚店,121-0812 東京都足立区西保木間２-１-２４,03-5851-5705
オリンピック下丸子店,146-0092 東京都大田区下丸子4-21-4,03-5741-1151
株式会社綿半スーパーセンター東村山店,189-0011 東京都東村山市恩多町２−２８,042-394-6724
イトーヨーカ堂　アリオ葛西店,134-0084 東京都江戸川区東葛西９−３−３,03-5675-1011
三宝カメラ株式会社,158-0083 東京都世田谷区奥沢6-19-21,03-6432-2725
�螢灰献沺．灰献沺潺咼奪�カメラKAMEIDO　CLOCK店,136-0071 東京都江東区亀戸６−３１−６ KAMEIDO　CLOCK３階,03-3638-5252
オーケー梶野町店,184-0002 東京都小金井市梶野町3-3-14,0422-38-7005
イトーヨーカ堂　昭島店,196-0014 東京都昭島市田中町５６２−１,042-546-1411
（株）市橋電気,174-0076 東京都板橋区上板橋２−８−１９ 市橋ビル,03-3934-0603
有限会社　相川電気,168-0062 東京都杉並区方南１−２３−８,03-3321-0008
�螢灰献沺．灰献沺潺咼奪�カメラ高井戸東店,168-0072 東京都杉並区高井戸東４−２−１,03-5370-5677
中川　電器　株式会社,134-0088 東京都江戸川区西葛西１−１２−１５ スターハイツ,03-3687-1818
有限会社　　岩崎電機商會,150-0022 東京都渋谷区恵比寿南１−２−１０ エビスユニオンビル,03-3713-3892
立川無線,190-0031 東京都立川市砂川町７−３８−６,042-536-7277
クリエイトSD多摩貝取店,206-0012 東京都多摩市貝取１−５１−１,042-357-8221
メガネの愛眼 イトーヨーカドー大森店,143-0016 東京都大田区大森北2-13-1 イトーヨーカドー３F,03-6404-9581
イトーヨーカ堂　アリオ亀有店,125-0061 東京都葛飾区亀有3-49-3,03-3838-5111
カンノデンキ株式会社,108-0071 東京都港区白金台2-12-28,03-3449-3343
ケーズデンキ昭島店,196-0012 東京都昭島市つつじが丘２−８−２０,042-549-0601
イトーヨーカ堂　小岩店,133-0057 東京都江戸川区西小岩１−２４−１,03-3671-5111
�螢筌泪瀬妊鵐�　テックランド練馬本店,177-0035 東京都練馬区南田中３−３０−５,03-5910-7688
パリミキ　ＭＡＲＫ ＩＳ 葛飾かなまち店,125-0041 東京都葛飾区東金町一丁目１０番１号 ＭＡＲＫ ＩＳ 葛飾かなまち ３階３３４区,03-6231-3720
メガネストアー　西台本店,175-0082 東京都板橋区高島平1-79-1,03-3559-3578
メガネスーパー町田本店,194-0013 東京都町田市原町田6-13-15,042-739-3588
眼鏡市場　イトーヨーカドー曳舟,131-0046 東京都墨田区京島１-２-１　 イトーヨーカドー曳舟店２階,03-5655-5088
有限会社　森川電気商会,162-0056 東京都新宿区若松町２９−８,03-3202-4271
（有）カメラのさくらや,167-0043 東京都杉並区上荻１−１６−３,03-3391-1230
アンアント,157-0067 東京都世田谷区喜多見８−１５−２９ 小田川ビル１F,03-5727-9600
有限会社　烏山電化南口店,157-0062 東京都世田谷区南烏山5-32-14 アルファビル,03-3309-1666
�螢灰献沺．灰献沺潺咼奪�カメライオン昭島SC店,196-0024 東京都昭島市宮沢町５００−１,042-545-2005
オリンピック瑞穂店,190-1221 東京都西多摩郡瑞穂町箱根ケ崎1347-1,042-556-6661
ホームセンターコーナン　ぐりーんうぉーく多摩店,192-0363 東京都八王子市別所２丁目５６番地,042-670-1570
眼鏡市場　保谷店,202-0004 東京都西東京市下保谷4-13-24,04-2425-3741
コメリ　ハードアンドグリーン　府中日新店,183-0036 東京都府中市日新町３丁目１８−７,042-352-1221
�螢灰献沺．灰献沺潺咼奪�カメラベルクスモール浮間舟渡店,174-0041 東京都板橋区舟渡１−６−２２ ベルクスモール浮間舟渡２階,03-6454-5522
コーナンＰＲＯ西東京田無店,188-0004 東京都西東京市西原町４丁目２番８号,0424605711
（有）マツダ電気,178-0063 東京都練馬区東大泉２-１４-１５,03-3924-1048
ブルーム八王子南口店,192-0904 東京都八王子市子安町4-15-19,042-627-0201
オーケー亀戸店,136-0071 東京都江東区亀戸9-4-5,03-5875-2561
アカツキデンキ,175-0092 東京都板橋区赤塚２−１４−１１,03-3979-0550
オリンピック保木間店,121-0063 東京都足立区東保木間1-26-22,03-3883-3810
クリエイトS・D江戸川本一色店,133-0044 東京都江戸川区本一色1-10-13,03-5678-8627
眼鏡市場　阪急大井町ガーデン,140-0014 東京都品川区大井１丁目５０-５ 　 阪急大井町ガーデン　２階,03-6429-4188
有限会社　川鍋電気商会,164-0001 東京都中野区中野３−３８−１１,03-3384-5151
メガネスーパー西葛西,134-0088 東京都江戸川区西葛西4-1-1,03-5659-0970
株式会社オノデン,101-0021 東京都千代田区外神田1-2-7,03-3253-3911
有限会社　小沢電機商会,141-0032 東京都品川区大崎2-7-11 小沢ビル,03-3491-2374
�螢献礇好肇�ン,194-0045 東京都町田市南成瀬1-2-1 成瀬駅前ハイツ2-107,042-721-5011
コメリ　ハードアンドグリーン　あきる野伊奈店,190-0142 東京都あきる野市伊奈４７９−１,042-533-8532
リケン補聴器センター下高井戸店,156-0044 東京都世田谷区赤堤4-48-10 雪華堂ビル1階,03-6379-2950
リオネットセンター　石神井公園,177-0041 東京都練馬区石神井町２−１３−５−１０６ グリーンハイムたちばな,03-5393-5330
メガネストアー　西日暮里店,113-0022 東京都文京区千駄木3-50-14 プラティーク文京千駄木101,03-5685-1548
�蠹臙� ホームズ町田三輪店,195-0054 東京都町田市三輪町281-1,050-1712-4341
田中無線,141-0033 東京都品川区西品川２−２３−１３,03-3491-2826
�螢錺織淵拇鉄錺機璽咼�,144-0055 東京都大田区仲六郷２−１２−１２,03-3732-9715
熊谷敏雄,183-0045 東京都府中市美好町１−２５−１１,042-362-5026
アイメガネ町田木曽店,194-0036 東京都町田市木曽東３−８−１,042-724-0201
�螢侫�ダヤ,114-0023 東京都北区滝野川北区滝野川６−４５−２,03-3916-0325
メガネ パリ ミキ　八王子店,192-0085 東京都八王子市中町8-3　１F,042-646-0808
リオネットセンター調布店,182-0024 東京都調布市布田１−１ー３ シャロームワタナベ１階B号,042-499-3340
メガネスーパー下井草,167-0022 東京都杉並区下井草2-40-12 ＹＭビル１Ｆ,03-5311-6300
眼鏡市場　練馬谷原,177-0032 東京都練馬区谷原１丁目２２-１４,03-5923-0858
亀戸まごころ補聴器,136-0071 東京都江東区亀戸2-45-4 コンフォールクレスト1階,03-5627-3317
眼鏡市場　町田忠生,194-0037 東京都町田市木曽西３-１２-１９,042-789-6478
ヒヤリングストア成城コルティ店,157-0066 東京都世田谷区成城6-5-34 成城コルティ2F,050-3355-6576
東急ストア大森店,143-0016 東京都大田区大森北1−6−16 アトレ大森B1F,03-3764-1191
オーケー千駄ヶ谷店,151-0051 東京都渋谷区千駄ヶ谷3-33-2,036721-1756
メガネストアー　板橋仲宿店,173-0004 東京都板橋区板橋3-9-10,03-6905-0288
有限会社セレクトインいとう電気,143-0023 東京都大田区山王3-18-2,03-3778-8801
オーケー高円寺店,166-0003 東京都杉並区高円寺南4-28-3,03-3312-7177
和真　荻窪店,167-0043 東京都杉並区上荻１−９−５ 西友荻窪店６階,03-3392-9673
イシイ電器,144-0052 東京都大田区蒲田１−７−１２,03-3731-4596
メガネストアー　昭島店,196-0003 東京都昭島市松原町1-11-10 昭島コートエレガンスA棟101,042-500-1488
メガネスーパー新小岩駅前,124-0024 東京都葛飾区新小岩1-48-3 山一ビル１Ｆ,03-5879-9188
コストコホールセール 多摩境倉庫店,194-0215 東京都町田市小山ヶ丘３−６−１,042-798-4351
ＤＣＭ鹿浜店,123-0864 東京都足立区鹿浜６−２４−７,03-3857-8288
有限会社ニコ―電機設備商会,171-0051 東京都豊島区長崎２丁目３番地２４号,03-3955-1181
オーケーサガン店,144-0055 東京都大田区仲六郷２−４３−２ オーケージャンボサガンビルヂング,03-3735-1411
（有）内藤電気商会,168-0082 東京都杉並区久我山５−２１−１７,03-3334-7337
サトウデンキ,182-0002 東京都調布市仙川町１−１６−１２,03-3300-5016
メガネ　パリミキ 光が丘IMA店,179-0072 東京都練馬区光が丘5-1-1 光が丘イマミセ1F,03-6904-0760
株式会社あきもと,151-0073 東京都渋谷区笹塚２−４２−１７ あきもとビル1階,03-3377-7171
眼鏡市場　マルエツ調布,182-0021 東京都調布市調布ヶ丘１丁目１８ー１,042-443-2030
�螢筌泪瀬妊鵐�　テックランド西友花小金井店,187-0002 東京都小平市花小金井１−２−２３ 西友花小金井店　３階,042-452-9921
ＤＣＭあきる野店,197-0831 東京都あきる野市下代継４８,042-532-3644
イトーヨーカ堂　アリオ北砂店,136-0073 東京都江東区北砂2丁目17番1号,03-3640-7111
オーケー浅草店,111-0032 東京都台東区浅草2-14-5,03-5830-7661
コメリ　ハードアンドグリーン　大泉学園店,178-0061 東京都練馬区大泉学園町８丁目２５‐２４,03-5947-6701
眼鏡市場　日野南平,191-0041 東京都日野市南平２丁目６７ー９,042-593-0588
オリンピック小金井店,184-0015 東京都小金井市貫井北町4-3-1,042-327-0011
�螢筌泪瀬妊鵐�テックランド平和台駅前店,179-0081 東京都練馬区北町６−３２−５,03-5920-0235
AudioNova練馬店,176-0001 東京都練馬区練馬１−２−２ 八百弘ビル１F,03-6914-9031
�螢筌泪瀬妊鵐�　テックランド小金井店,184-0004 東京都小金井市本町5-11-2 MEGAドン・キホーテ武蔵小金井駅前店５・６階,042-382-5111
サミットストア練馬春日町店,179-0074 東京都練馬区春日町５−３１−２,03-3825-5462
サンドラッグ東府中,183-0005 東京都府中市若松町１−３８−１,042-369-4361
（有）シンエツ電機,157-0067 東京都世田谷区喜多見８丁目１８番３号 サンハウス1F　（水・木定休日）,03-5727-8504
マチダ電器,179-0074 東京都練馬区春日町４−１９−１７,03-3999-4490
�螢灰献沺．灰献沺潺咼奪�カメラ西友ひばりが丘店,202-0005 東京都西東京市住吉町３−９−８ SEIYU２階,042-438-5200
�螢筌泪瀬妊鵐�　テックランド八王子高尾店,193-0941 東京都八王子市狭間町１４５６番,042-673-2024
眼鏡市場　糀谷駅前店,144-0034 東京都大田区西糀谷4-29-16 ステーションツインタワーズ糀谷１０８号室,03-5735-6518
ヤマダデンキテックランドイオンスタイル赤羽店,115-0043 東京都北区神谷3丁目12-1 イオンスタスタイル赤羽2F,03-5939-7708
サンドラッグ小金井梶野町,184-0002 東京都小金井市梶野町１−７−３２,0422-59-0186
ビジョンメガネ町屋店,116-0002 東京都荒川区荒川６−１９−１０ ブランメゾン諸星１Ｆ,03-5692-6799
(有)ヤマザキ電化　梅屋敷店,143-0014 東京都大田区大森中２−３−１１,03-3765-5555
有限会社 ファミリーストア ハヤカワ,168-0073 東京都杉並区下高井戸３−２２−７,03-3302-3388
ベターエイジ,167-0043 東京都杉並区上荻１−２４−３ イーグル上荻１０１号室,03-3391-3341
株式会社　中俣電化,189-0012 東京都東村山市萩山町４−１−２,042-391-4376
コメリ　ハードアンドグリーン　町田図師店,194-0203 東京都町田市図師町字８号１７５２番,042-789-2560
サンドラッグ西武立川,196-0001 東京都昭島市美堀町１−１−１ ヤオコー西武立川駅前店2階,042-549-0522
ホームセンターコーナン江戸川中央店,132-0021 東京都江戸川区中央３−３−５,03-5661-1050
メガネスーパー池袋東口駅前,171-0022 東京都豊島区南池袋1-22-5 鈴木ビル,03-6907-0560
メガネのオリゾン久が原店,146-0085 東京都大田区久が原３−４−１５,03-3752-9801
ファミリーメガネ／ファミリー補聴器,198-0024 東京都青梅市新町9-4-2,0428-33-1192
有限会社内野デンキサービス,182-0016 東京都調布市佐須町３−７−３,042-487-4349
(有)ヤマザキ電化　下丸子店,146-0092 東京都大田区下丸子３−１６−１,03-3756-0123
ケーズデンキ多摩ニュータウン店,192-0363 東京都八王子市別所２−３９−５,042-678-7933
東急ストア　荏原中延店,142-0053 東京都品川区中延２−８−１,03-3784-0109
サンドラッグ昭島松原町,196-0003 東京都昭島市松原町１−４−１３,042-549-7090
(有)　ジョイフル　すみよし,135-0022 東京都江東区三好１−６−１１,03-3630-3781
オーケー町田小川店,194-0003 東京都町田市小川6-13-19,042-706-8781
オーケー曳舟店,131-0046 東京都墨田区京島1-37-24,03-6657-1250
�螢筌泪瀬妊鵐�　テックランドNew葛西店,134-0083 東京都江戸川区中葛西4-8-1,03-6808-3321
�螢灰献沺．灰献沺潺咼奪�カメラ豊玉店,176-0013 東京都練馬区豊玉中２−２８−１０,03-5999-5520
オーケー昭島店,196-0014 東京都昭島市田中町3-8-5,042-519-5741
メガネスーパー神楽坂,162-0825 東京都新宿区神楽坂2‐4 田金館１Ｆ,03-5225-3663
マツダ電気 雑色店,144-0055 東京都大田区仲六郷２−１５−５,03-3734-1048
リオネットセンター自由が丘,152-0035 東京都目黒区自由が丘１−8−18 マイセンビル　2階,03-3718-4191
川又電化サービス,173-0036 東京都板橋区向原3-7-S6,03-3956-1677
イトーヨーカ堂　東久留米店,203-0053 東京都東久留米市本町３−８−１,042-474-3311
イトーヨーカ堂　多摩センター店,206-0033 東京都多摩市落合1-44,042-374-6111
菊地電機商会,121-0831 東京都足立区舎人３−５−２１,03-3897-3248
ロイヤルホームセンター南千住,116-0003 東京都荒川区南千住4丁目1番4号,03-5615-5631
有限会社本山テレビ商会,125-0062 東京都葛飾区青戸５-５-２,03-3690-5533
眼鏡市場　赤羽スズラン通り店,115-0045 東京都北区赤羽２丁目１ー２１,03-5249-4088
�螢筌泪瀬妊鵐�テックランド狛江店,201-0005 東京都狛江市岩戸南二丁目４番３号,03-5761-4115
眼鏡市場オリナス錦糸町,130-0012 東京都墨田区太平４丁目１番２号 3階,03-5637-3180
いわくらでんき,176-0006 東京都練馬区栄町６−３,03-3991-2031
眼鏡市場　練馬大泉学園,178-0063 東京都練馬区東大泉2-1-26,03-5947-4103
コーナンPRO府中甲州街道店,183-0005 東京都府中市若松町2丁目33番地の2,042-352-5780
株式会社日の出電機　三軒茶屋店,154-0004 東京都世田谷区太子堂３−１４−３,03-3413-6531
メガネストアー　武蔵野台店,183-0011 東京都府中市白糸台5-1-31,042-336-7888
メガネ パリ ミキ　中台店,174-0044 東京都板橋区相生町１９−２,03-3559-0788
東大生協本郷第一購買部,113-0033 東京都文京区本郷７−３−１ 東大構内法文２号館地下,03-3816-0711
株式会社ミスターマックス町田多摩境店,194-0215 東京都町田市小山ケ丘６−１−１０,042-775-2311
眼鏡市場　自由が丘マリ・クレール,152-0035 東京都目黒区自由が丘１ー９ー３　 自由が丘第２ビル１階,03-5726-6022
ジョイフル本田瑞穂店,190-1212 東京都西多摩郡瑞穂町殿ヶ谷442,042-568-2311
パリミキ 中野サンモール店,164-0001 東京都中野区中野5-63-3 中野サンモール,03-5318-9926
ダイエ−西台店,174-0046 東京都板橋区蓮根3-8-12,03-3965-1751
リサイクル　コロコショップ,171-0052 東京都豊島区南長崎５−３１−７,03-3565-6089
オーディオ・ノバ荻窪店,167-0032 東京都杉並区天沼３−４−３ 吉濱ビル1階,03-3392-6233
(有)もりた電器　GORILLAチェーン 本部店,170-0002 東京都豊島区巣鴨5-13-12 レジデンス8023　1F,03-3918-3276
メガネ パリ ミキ　新大久保駅前店,169-0073 東京都新宿区百人町２−３−２３,03-3205-8320
タスク補聴器　板橋店,174-0071 東京都板橋区常盤台4-29-18,03-6913-0630
�蠖�晃電気センター,136-0072 東京都江東区大島４丁目３−７,03-3685-1048
株式会社アイアイジーエスピー,135-0002 東京都江東区住吉１−１９−１ ツインタワーすみとし住吉館１１４,03-6666-9370
�螢筌泪瀬妊鵐�テックランド昭島店,196-0003 東京都昭島市松原町２丁目１４−６,042-519-2960
株式会社　デンキのタナカ,120-0005 東京都足立区綾瀬３−１１−２１,03-3620-5858
オーケー下落合店,161-0033 東京都新宿区下落合4-21-18,03-6908-1851
リビングパティオ　マキノ,133-0065 東京都江戸川区南篠崎町2-58-17,03-3670-7311
ＤＣＭ三田店,108-0073 東京都港区三田４−２−２０,03-5442-5828
�螢灰献沺．灰献沺潺咼奪�カメラ東村山店,189-0011 東京都東村山市恩多町5-47-5,042-390-2111
�蠧�の出電機,158-0093 東京都世田谷区上野毛４−３５−２１ サンズ日の出,03-3704-3445
ケーズデンキ府中本店,183-0044 東京都府中市日鋼町1-4,042-352-2030
メガネ パリ ミキ　三軒茶屋店,154-0004 東京都世田谷区太子堂４−３−１,03-3487-6781
オーケー初台店,151-0061 東京都渋谷区初台2-5-7,03-3378-3921
ブルーム錦糸町店,130-0013 東京都墨田区錦糸3-2-1 アルカイースト2階,03-5619-4133
有限会社　谷原電機,177-0032 東京都練馬区谷原2-14-15,03-3996-8518
スーパーバリュー　品川八潮店,140-0003 東京都品川区八潮５−５−３ 「パトリア品川」内,03-6412-9357
和真メガネ　ひばりヶ丘店,202-0005 東京都西東京市住吉町３−９−８ 西友　３階,0424227333
�螢灰献沺．灰献沺潺咼奪�カメラコーナン田無店,188-0004 東京都西東京市西原町４−２−８ コーナン2階,042-460-5252
東京メガネ　日本橋人形町店,103-0013 東京都中央区日本橋人形町1-18-9 A.Tビル102,03-3661-2906
（有）蛯澤電機商会,153-0063 東京都目黒区目黒３丁目９番６号,03-3712-9492
東京補聴器福生店,197-0022 東京都福生市本町97,042-530-2601
メガネストアー　青戸店,125-0062 東京都葛飾区青戸3-34-5 ステイツ青戸１F,03-5629-4088
ホームセンターコーナンドイト後楽園店,112-0003 東京都文京区春日１-１６-３０ 講道館ビル１F,03-5842-3926
今井でんき,116-0011 東京都荒川区西尾久2-35-7,03-3893-7749
つくし野東急ストア,194-0001 東京都町田市つくし野１−３０−１,042-795-2061
サンドラッグ恋ヶ窪,187-0022 東京都小平市上水本町６−４−１,042-325-9288
メガネストアー　祖師谷店,157-0073 東京都世田谷区砧8-8-23 渋川ビル1F,03-3749-7608
リケン補聴器センター世田谷店,158-0086 東京都世田谷区尾山台１‐１‐１,03-6802-8578
�蠹臙� 大田千鳥店,146-0083 東京都大田区千鳥2-33-1,03-5741-7300
城東補聴器センター　一之江店,132-0024 東京都江戸川区一之江７−８８−20 アルファグランデ一之江6番街　１F,03-5663-3304
眼鏡市場　ポンテポルタ千住,120-0038 東京都足立区千住橋戸町１−１３　 １階１１３区画,03-5284-3431
眼鏡市場　板橋大山,173-0014 東京都板橋区大山東町５８番１号,03-6905-2188
株式会社フジ電気商会,176-0023 東京都練馬区中村北３-２２-１１,03-3998-4515
ＤＣＭ鹿骨店,133-0073 東京都江戸川区鹿骨２−４０−１６,03-3698-4770
ヤスダ電器,193-0845 東京都八王子市初沢町1227-4 高尾パークハイツA106号,042-665-6258
コーナンPRO浅草店,111-0024 東京都台東区今戸二丁目26番10号,03-5808-5700
ジョーシン　王子店,114-0004 東京都北区堀船一丁目２３番１３号,03-5959-2311
コメリハード＆グリーン　青梅柚木店,198-0064 東京都青梅市柚木町２丁目３９４番５,0428-77-7001
和真メガネ　イオンモール東久留米店,203-0023 東京都東久留米市南沢５−７−６２ イオンモール東久留米内2F,042-452-5720
眼鏡市場　ココリア多摩センター,206-0033 東京都多摩市落合1-46-1 ココリア多摩センター１階,042-357-5777
メガネの愛眼　ヨドバシ吉祥寺店,180-0004 東京都武蔵野市吉祥寺本町1-19-1 ヨドバシ吉祥寺６Ｆ,0422-23-5087
パナピット　しもとり,193-0832 東京都八王子市散田町３−１８−５,042-663-1263
オーケー西国分寺店,185-0013 東京都国分寺市西恋ヶ窪1-38-6,042-401-0581
城北電気,171-0044 東京都豊島区千早４−４０−１０,03-3958-4852
メガネ パリ ミキ　京王府中店,183-0056 東京都府中市寿町１−１−２３,042-363-8831
（有）長沼電気商会,123-0872 東京都足立区江北3-7-9,03-38901484
�螢灰献沺．灰献沺潺咼奪�カメラ東大和店,207-0005 東京都東大和市高木３−３７８−３,042-562-6711
ベルコスモ有限会社,174-0051 東京都板橋区小豆沢４−２４−５,03-3969-4071
眼鏡市場　新小岩ルミエール商店街,124-0024 東京都葛飾区新小岩１丁目５２番１号,03-5661-3648
（株）元吉医料器械　城北補聴器　練馬店,176-0012 東京都練馬区豊玉北５−２９−４ 井門ビル,03-5984-0330
松坂屋上野店　補聴器サロン　（理研産業株式会社）,110-8503 東京都台東区上野３−２９−５ 松坂屋上野店中二階,03-3832-1731
クリエイトS・D北区西ヶ原店,114-0024 東京都北区西ヶ原4-51-13,03-5961-6265
ナショナルブラザース商会,167-0022 東京都杉並区下井草２−４４−５ リバーサイドビル,03-3395-5239
たかの台電気,187-0024 東京都小平市たかの台３９−７,042-341-6251
メガネストアー　石神井公園店,177-0041 東京都練馬区石神井町2-14-15 ピアレスＢ,03-5910-4818
株式会社　藤井電気,198-0002 東京都青梅市富岡１−２０２−１,0428-74-4455
株式会社コイデカメラ　木場イトーヨーカドー店,135-0042 東京都江東区木場１−５−３０ イトーヨーカドー木場店１階,03-5617-6316
イトーヨーカ堂　綾瀬店,120-0005 東京都足立区綾瀬３−４−２５,03-3620-2911
パナピット　ササキ,203-0043 東京都東久留米市下里１−６−１,042-474-9132
�蠹臙� ホームズ小平店,203-0032 東京都東久留米市前沢5-33-17,050-1712-4328
メガネスーパー西新宿都庁前,160-0023 東京都新宿区西新宿1-22-1 スタンダードビル１Ｆ,03-3345-1554
（株）タニグチ,120-0013 東京都足立区弘道１−２８−２,03-3889-8226
オーケー仲池上店,146-0081 東京都大田区仲池上2-20-4,03-5748-6201
�螢戰奪�,206-0823 東京都稲城市平尾1-33-19,042-33-10135
ぷらぐいん,193-0834 東京都八王子市東浅川町３７−５,042-661-4457
志村電機商会,183-0027 東京都府中市本町2-25-53,042-361-4183
タスク補聴器　竹の塚店,121-0813 東京都足立区竹の塚1-23-9,03-3884-3933
ホームセンターコーナンミッテン府中店,183-0023 東京都府中市宮町1丁目41-2 ミッテン府中６F,042-352-5700
有限会社ミナトライトクラノ,108-0014 東京都港区芝５−１２−４ セントラル三田ハイツ１０４,03-3451-8709
コーナンPROドイト小金井公園店,202-0023 東京都西東京市新町５-３-１２,0422-50-0571
ホームセンターコーナン　八王子高尾店,193-0834 東京都八王子市東浅川町546番地20,042-668-8057
オリンピック梅島店,123-0851 東京都足立区梅田6-9-15,03-5888-9211
オーケー下井草店,167-0022 東京都杉並区下井草5-3-9,03-6915-0250
テンオーワン　中目黒店,153-0051 東京都目黒区上目黒1-16-8 Y-ファームビル1F,03-3712-9728
メガネストアー　綾瀬店,120-0005 東京都足立区綾瀬2-36-6 臼倉第一ビル,03-3838-3958
サンドラッグ国分寺日吉,185-0032 東京都国分寺市日吉町３−１４−２８,042-300-2122
村山電気株式会社,208-0004 東京都武蔵村山市本町1-34-6,042-560-8382
パナピット　フジタ,192-0906 東京都八王子市北野町５４６−８,042-644-3480
プラスワン　みのる,154-0017 東京都世田谷区世田谷１−１４−１８,03-3427-8110
有限会社　清水商店,107-0062 東京都港区南青山３−１８−２０,03-3401-1535
メガネ　パリ　ミキ　マルエツ新糀谷店,144-0047 東京都大田区萩中２−１２−５ マルエツ新糀谷　２Ｆ,03-5705-1371
オーケー大谷口店,173-0031 東京都板橋区大谷口北町37-7,03-6905-8252
リオネットセンター城北　池袋店,170-0013 東京都豊島区東池袋1-35-3 池袋センタービル3F,03-3983-3149
�螢筌泪瀬妊鵐�テックランド西友大森店,140-0013 東京都品川区南大井六丁目２７-２５ 西友大森店4階,03-6450-0138
池田電機,171-0043 東京都豊島区要町３−５８−１８,03-3957-1994
スーパービバホーム豊洲店,135-0061 東京都江東区豊洲３丁目４番８号,03-3536-9611
クリエイトS・D江戸川篠崎町店,133-0061 東京都江戸川区篠崎町1-34-5,03-5664-0260
メガネスーパー赤羽LaLaガーデン,115-0045 東京都北区赤羽2-4-9 蝶屋ビル１Ｆ,03-5249-3688
株式会社近藤電機商会,116-0013 東京都荒川区西日暮里3-15-3,03-3828-7147
サワ　デンキ,124-0014 東京都葛飾区東四つ木３−３４−１８,03-3696-7771
東京補聴器立川店,190-0022 東京都立川市錦町2-5-1,042-523-7741
あさくさ補聴器,111-0033 東京都台東区花川戸１−１３−１６ 小林ビル,03-5826-7701
�蠹臙� ホームズ平井店,132-0035 東京都江戸川区平井6-1-38,050-1712-4331
ミミー補聴器�蠡臉�学園店,178-0063 東京都練馬区東大泉4-26-６ 加藤マンション,03-6339-4336
株式会社　サンエスでんき,116-0003 東京都荒川区南千住5-40-13,03-3805-1861
メガネ２１（トゥーワン）　早稲田店,162-0041 東京都新宿区早稲田鶴巻町５２１番地 グリーンステージ早大通り１階,03-6205-9484
坂本無線,187-0043 東京都小平市学園東町２−１０−２７,042-341-4744
パリミキ　池袋店,170-0013 東京都豊島区東池袋1-12-13,03-5929-9005
メガネスーパー八王子本店,192-0085 東京都八王子市中町5-1 八王子中町ビル１Ｆ,042-621-1178
有限会社シャルドン,164-0001 東京都中野区中野５ー５２ー１５ー１F コープ中野ブロードウエイ内,03-3385-8124
�蠹臙� ホームズ北赤羽店,115-0051 東京都北区浮間5-3-24,050-1712-4349
ＤＣＭ楢原店,193-0803 東京都八王子市楢原町１８１８−１５,042-628-9643
メガネスーパーＪＲ新秋津駅,189-0001 東京都東村山市秋津町5-25-50 ビーンアネックス新秋津１Ｆ,042-396-9523
補聴器専門店AudioNova　昭島店,196-0015 東京都昭島市昭和町2丁目3-3 MSビル　1F,042-541-2476
メガネスーパー梅屋敷,143-0015 東京都大田区大森西6-13-16 MKビル１Ｆ,03-3765-8361
眼鏡市場　町田駅前,194-0013 東京都町田市原町田6-13-20,042-709-7228
有限会社  大和田商会,123-0864 東京都足立区鹿浜３−２９−１６,03-3899-3136
ケーズデンキ青梅店,198-0021 東京都青梅市今寺５-１３-１,0428-30-7121
株式会社藤田電機,169-0051 東京都新宿区西早稲田１−５−３ グランド坂フジタ,03-3202-9671
ビバホーム豊島５丁目店,114-0003 東京都北区豊島4丁目18番24号,03-5959-0911
イオンスタイル板橋,175-0083 東京都板橋区徳丸2-6-1,03-5398-3131
山賀電気株式会社,176-0004 東京都練馬区小竹町１−５５−２,03-3972-2355
メガネストアー　多摩センター店,206-0041 東京都多摩市愛宕4-9-11,042-373-8880
メガネストアー　氷川台店,179-0084 東京都練馬区氷川台3-39-7 ミリオンアネックス氷川台1-A,03-5912-2688
メガネスーパー北千住,120-0034 東京都足立区千住1-24-6 第２タチカワビル,03-3882-1944
オーディオ・ノバ亀有店,125-0061 東京都葛飾区亀有3-26-2 リリオ壱番館1階,03-6662-7228
パナピットイトウ,192-0015 東京都八王子市中野町２７２８−１７,042-624-7568
サンドラッグ町田南大谷,194-0031 東京都町田市南大谷４１−２,042-709-7151
オーケー札の辻店,108-0014 東京都港区芝5-36-4,03-6665-8075
メガネ　パリミキ　イオンモール多摩平の森店,191-0062 東京都日野市多摩平２丁目４番１ イオンモール多摩平の森　２階,042-585-3110
ヒラフネ電気,191-0041 東京都日野市南平8−14−15,042-592-1215
ＤＣＭ大井競馬場前店,140-0012 東京都品川区勝島１丁目６番１６号 大井競馬場前ショッピングモールＷＩＲＡ大井１Ｆ,03-5767-7631
ホームセンターコーナン府中四谷店,183-0035 東京都府中市四谷5-23-12,042-354-8844
テンオーワン　自由が丘店,152-0035 東京都目黒区自由が丘1-26-5,03-5731-1001
メガネ パリ ミキ　自由が丘店,152-0035 東京都目黒区自由が丘２−１０−７,03-3723-1571
メガネストアー　立石店,124-0012 東京都葛飾区立石1-12-9 鳥居ビル,03-3693-6437
ナカムラ電気,181-0004 東京都三鷹市新川6-6-20,0422-46-2047
東洋電機産業株式会社,143-0023 東京都大田区山王2-41-4,03-3771-1966
リケン補聴器センター中目黒店,153-0051 東京都目黒区上目黒３−１４−８ M.Fビル1F,03-5724-3583
眼鏡市場　小金井貫井南,184-0014 東京都小金井市貫井南町１−２４−１８,042-386-5028
メガネスーパー調布本店,182-0024 東京都調布市布田1-33-1 原第２ビル１Ｆ,042-440-3443
AudioNova三田店,108-0014 東京都港区芝４−３−１１ ＶＯＲＴ三田駅前４Ｆ,03-6809-3318
アイメガネ小平小川町店,187-0032 東京都小平市小川町２−１３２８,042-347-6877
�螢筌泪瀬妊鵐�　テックランド大田糀谷店,114-0047 東京都大田区萩中２−１２−５,03-5735-0200
有限会社　フクダデンキ,201-0013 東京都狛江市元和泉１−１４−１,03-3489-2804
リビングショップ光明,166-0003 東京都杉並区高円寺南5-13-1,03-5929-8661
小金井電化サービス,184-0004 東京都小金井市本町３−８−１−１ 第2佐藤ビル内,042-381-1569
サンドラッグ大泉学園町,178-0061 東京都練馬区大泉学園町７−１５−１１,03-3978-3065
�螢筌泪瀬妊鵐�　テックランド ビバホーム八王子多摩美大前店,192-0375 東京都八王子市鑓水二丁目１０８番１ ビバホーム八王子多摩美大前店２F,042-670-9333
�螢ぅ鵐哀灰献隋�,120-0003 東京都足立区東和４−２４−１５,03-3620-0606
オーケー田無芝久保店,188-0014 東京都西東京市芝久保町2-9-32,042-452-6731
眼鏡市場  渋谷,150-0042 東京都渋谷区宇田川町２０番１号,03-5459-6918
オーケー東雲店,135-0062 東京都江東区東雲2-5-40,03-5962-4215
有限会社伊藤無線,173-0004 東京都板橋区板橋3-14-1 MCビル,03-3961-4562
サンドラッグ京王堀之内,192-0363 東京都八王子市別所１−１−１,042-675-1308
(有)早瀬電器商会,124-0003 東京都葛飾区お花茶屋１−１５−９,03-3602-5685
メガネスーパー三鷹コラル,181-0013 東京都三鷹市下連雀3-35-1 三鷹コラル１Ｆ,0422-79-5620
ブルーム自由が丘店,152-0035 東京都目黒区自由が丘２−１２−１９ ３．４．１　building west ２階,03-3724-3341
サンドラッグ下石原,182-0034 東京都調布市下石原２−６１−１,042-440-1061
�螢灰献沺．灰献沺潺咼奪�カメラ若林店,154-0023 東京都世田谷区若林5-41-20,03-5779-3600
ニシムラ電器,171-0042 東京都豊島区高松2-36-2,03-3974-5662
リオン国分寺補聴相談室,185-8533 東京都国分寺市東元町３−２０−４１ リオン株式会社,042-359-7833
イオンスタイルむさし村山,208-0022 東京都武蔵村山市榎１丁目１−３,042-516-0300
スーパーバリュー　国立店,186-0012 東京都国立市泉３−２９−１１ 「フレスポ国立南」内,042-843-0751
�螢螢�ネットセンター城南蒲田店,144-0051 東京都大田区西蒲田８−２−１ スカイハイツ１０１,03-5703-3301
和真メガネ　アルカキット錦糸町店,130-0013 東京都墨田区錦糸２−２−１ アルカキット錦糸町　９Ｆ,03-5637-7145
コーナンPRO王子堀船店,114-0004 東京都北区堀船１−２３−１３,03-5902-3611
株式会社コイデカメラ　中野ブロードウェイ店,164-0001 東京都中野区中野５−５２−１５ 中野ブロードウエイセンター１階,03-3388-4511
有限会社 東山電気,174-0073 東京都板橋区東山町31-13,03-3956-2463
成城補聴器フィッティングルーム,157-0066 東京都世田谷区成城６−１５−２３ 成城プラザ,03-3484-3236
メガネの愛眼　石神井店,177-0045 東京都練馬区石神井台6-15-3,03-3924-3033
リビングプラザあいかわ,124-0004 東京都葛飾区東堀切1-3-11,0336013894
イトーヨーカ堂　国領店,182-0022 東京都調布市国領町８−２−６４,03-3430-2111
�螢ぅ肇�,185-0021 東京都国分寺市南町３−２３−１２ イトウビル,042-323-0073
眼鏡市場　池袋,170-0013 東京都豊島区東池袋１丁目４−６,03-5979-9058
日の出電機　白金店,108-0072 東京都港区白金6-1-3,03-3442-4194
ロイヤルホームセンター足立鹿浜,123-0874 東京都足立区堀之内1-13-13,03-5647-5711
コーナンPRO三鷹東八店,181-0014 東京都三鷹市野崎1丁目20番17号,0422-39-5715
眼鏡市場　武蔵村山店,208-0022 東京都武蔵村山市榎２−８１−１,042-563-8102
クリエイトS・D足立谷中店,120-0006 東京都足立区谷中5-14-12,03-5697-9590
アイメガネザ・マーケットプレイス東大和店,207-0021 東京都東大和市立野3-1344-1 ザ・マーケットプレイス東大和１Ｆ,042-843-7011
コルチトーン補聴器株式会社,113-0033 東京都文京区本郷４−１−５ コルチトーン補聴器ビル,03-3813-9911
メガネスーパー大泉学園,178-0063 東京都練馬区東大泉1-32-7 石泉ビル１Ｆ,03-3867-3811
補聴器本舗 町田,194-0022 東京都町田市森野1-34-13 町田薬品ビル2Ｆ,042-739-9850
メガネストアー　若松町店,162-0052 東京都新宿区戸山1-1-5 エールプラザ戸山台,03-5272-4128
眼鏡市場　アトレ大森,143-0016 東京都大田区大森北１ー６ー１６ アトレ大森４階４１０３区画,03-3765-8588
メガネスーパー浜田山,168-0065 東京都杉並区浜田山3-28-3,03-5307-7155
ホームセンターコーナン　小平店,187-0022 東京都小平市上水本町５丁目１３−１,042-320-1620
メガネストアー　キテラタウン調布店,182-0007 東京都調布市菊野台1-33-3 キテラタウン調布 2F,042-487-6248
オーケー小茂根店,173-0037 東京都板橋区小茂根１−３２−２１,03-3974-2371
桜井ミシン電気商会,154-0021 東京都世田谷区豪徳寺１−４５−３,03-3429-3761
コメリ　ハードアンドグリーン　保谷北町店,202-0003 東京都西東京市北町２−８−２０,042-438-6607
メガネの愛眼　八王子店,193-0941 東京都八王子市狭間町1462-1 イトーヨーカドー八王子店３Ｆ,042-669-0951
�螢筌泪瀬妊鵐�　マツヤデンキ　大岡山店,145-0062 東京都大田区北千束１−４６−１,03-3723-4951
リオネットセンター城北　成増店,175-0094 東京都板橋区成増２−１６−５ グレース成増１階,03-6789-3311
�螢筌泪瀬妊鵐�テックランド東大和店,207-0004 東京都東大和市清水６丁目１０９５−３,042-516-8831
有限会社　篠原電気,162-0825 東京都新宿区神楽坂６−６ 篠原ビル１Ｆ,03-3260-4998
株式会社　電子堂,145-0071 東京都大田区田園調布２丁目５０番８号,03-3722-6084
（有）加藤電気商会,162-0067 東京都新宿区富久町３８−１８,03-3351-7355
眼鏡市場　新宿東口本店,160-0022 東京都新宿区新宿３−２９−１０,03-5369-3208
眼鏡市場　町田鶴川,195-0062 東京都町田市大蔵町３１６７−１,042-737-6508
(有)タニムラ電気,152-0033 東京都目黒区大岡山１−１−１２,03-3723-2800
城東補聴器センター　錦糸町店,130-0012 東京都墨田区太平３−１−２ KOWA5ビル,03-3624-3304
Ｏｌｙｍｐｉｃ立石店,124-0012 東京都葛飾区立石７−１０−７,03-3696-8800
ホームセンターコーナンドイト東久留米店,203-0033 東京都東久留米市滝山４-１１-２,042-476-5531
オーケー四つ木店,124-0011 東京都葛飾区四つ木3-19-1,03-5875-7502
眼鏡市場　カメイドクロック,136-0071 東京都江東区亀戸６丁目３１ー６　 カメイドクロック４階,03-3683-1200
�螢灰献沺．灰献沺潺咼奪�カメラ西東京店,188-0013 東京都西東京市向台町３−５ー７４,042-451-6800
メガネストアー　青梅師岡店,198-0031 東京都青梅市師岡町2-374-12,0428-20-4688
オーケー高田馬場店,171-0033 東京都豊島区高田3-29-1,03-5927-9811
和真 大泉店,178-0063 東京都練馬区東大泉2-10-11 リヴィン オズ4F,03-3925-3260
エイド�蠶�田店,194-0013 東京都町田市原町田１−１−３ ハイストーンビル　４０３,042-720-2535
メガネスーパー国分寺,185-0012 東京都国分寺市本町2-2-1 cocobunjiEAST １Ｆ　１０５号,042-323-0911
メガネ パリ ミキ　大泉学園通り店,178-0061 東京都練馬区大泉学園町６−１９−４３,03-3921-3056
メガネスーパー新宿中央東口,160-0022 東京都新宿区新宿3-27-5 Ｋ３ビル１Ｆ,03-3355-0653
リオネットセンター国分寺店,185-0012 東京都国分寺市本町2-2-1 cocobunji EAST204,042-312-2522
メガネステイション拝島店,196-0003 東京都昭島市松原町3-4-29,042-545-6577
ＤＣＭ日野旭が丘店,191-0065 東京都日野市旭が丘３−６−４,042-582-8678
メガネスーパー国立,186-0004 東京都国立市中1-16-32 国立商工振興第三ビル１Ｆ,042-580-1288
眼鏡市場　西落合新青梅街道,161-0031 東京都新宿区西落合３丁目２２番６号,03-5988-0598
共栄電気,175-0092 東京都板橋区赤塚6-21-10,03-3939-2040
綿半ホームエイド　国分寺店,185-0032 東京都国分寺市日吉町３−３−９,042-325-2442
アヴァン　ツルマキ,206-0034 東京都多摩市鶴牧５−１−１−１０４,042-337-0858
眼鏡市場　成瀬,194-0046 東京都町田市西成瀬２−４９−６,042-739-3058
�螢灰献沺．灰献沺潺咼奪�カメラ足立加平店,121-0055 東京都足立区加平３ー１ー１５,03-5682-1115
オリンピックおりーぶ志村坂下店,174-0042 東京都板橋区東坂下2-12-8,03-5915-1301
有限会社かわむらでんき,125-0041 東京都葛飾区東金町４−３０−７,0336272811
眼鏡市場　調布仙川,182-0002 東京都調布市仙川町１−５０−２,03-5314-2308
オーケー三鷹北口店,180-0006 東京都武蔵野市中町1-12-10,0422-38-5040
オーケー尾高橋店,136-0076 東京都江東区南砂１−８−１,03-5617-5640
�螢筌泪瀬妊鵐�　テックランド スーパービバホーム豊洲店,135-0061 東京都江東区豊洲３丁目４−８ スーパービバホーム豊洲店　２階,03-3520-8803
さいとうでんき,144-0034 東京都大田区西糀谷１−２９−１１,03-3744-7315
ビジョンメガネ西新井駅前店,123-0843 東京都足立区西新井栄町１−１３−１０,03-5888-3568
メガネスーパーパルム武蔵小山,142-0063 東京都品川区荏原3-4-14 MMP3ビル１Ｆ,03-5788-2525
オーケー日本橋久松町店,103-0005 東京都中央区日本橋久松町6-2,03-6661-6806
ビジョンメガネ小岩店,133-0052 東京都江戸川区東小岩４−９−６ シャローム２１,03-3671-5929
（株）元吉医科器械　城北補聴器,173-0023 東京都板橋区大山町４１−１６ マウンパティー１Ｆ,03-5966-0331
ビバホーム足立神明店,121-0051 東京都足立区神明２丁目６番１４号,03-5673-3211
眼鏡市場　大田上池台,145-0064 東京都大田区上池台３-１４-３,03-5754-4818
ケーズデンキ足立竹の塚店,121-0807 東京都足立区伊興本町二丁目１番22号,03-5809-5516
サンドラッグ貫井坂下,184-0014 東京都小金井市貫井南町２−８−６,042-386-0031
メガネ パリ ミキ　南砂町ＳＵＮＡＭＯ店,136-0075 東京都江東区新砂３丁目４番３１号 南砂町ショッピングセンターＳＵＮＡＭＯ　３Ｆ,03-5677-0671
有限会社　日成電器,168-0063 東京都杉並区和泉３−５３−１５,03-3328-4752
パナピット　あまの,193-0816 東京都八王子市大楽寺町４０３−１０,042-626-1277
株式会社コイデカメラ　ひばりが丘パルコ店,202-8520 東京都西東京市ひばりが丘１−１−１ ひばりが丘パルコ４階,042-425-5206
メガネの愛眼　聖蹟桜ヶ丘OPA店,206-0011 東京都多摩市関戸４−７２ ヴィータモールせいせき　1F,042-376-3582
コメリ　ハードアンドグリーン　武蔵村山中原店,208-0035 東京都武蔵村山市中原１−９−１０,042-520-7315
�螢筌泪瀬妊鵐�　Tecc LIFE SELECT 足立竹の塚店,121-0813 東京都足立区竹の塚五丁目１７番１０号,03-6625-2906
サミットストア石神井台店,177-0045 東京都練馬区石神井台４−６−３２,03-3929-3341
ニシムラデンキ,206-0023 東京都多摩市馬引沢2-12-7,042-374-5149
アペックス　西尾久店,116-0011 東京都荒川区西尾久4-2-10,03-3800-6401
メガネ パリ ミキ　新宿センタービル店,163-0690 東京都新宿区西新宿１−２５−１ 新宿センタービル　地下１Ｆ,03-3348-5476
ＤＣＭ東十条店,115-0043 東京都北区神谷２−２−１,03-5939-4261
和真メガネ　新宿本館,160-0022 東京都新宿区新宿３−２８−７,03-3354-5588
こうわでんき,116-0014 東京都荒川区東日暮里3-44-12,03-3803-5588
ビジョンメガネフレスポ若葉台店,206-0824 東京都稲城市若葉台２丁目４-２ フレスポ若葉台　１F,042-350-7899
オリンピック高円寺店,166-0002 東京都杉並区高円寺北2-19-6,03-3336-6311
メガネストアー　方南町店,168-0062 東京都杉並区方南2-12-18 多田ビル,03-3318-6968
タスク補聴器　上野店,110-0016 東京都台東区台東４−26-9,03-3839-2531
フジ電化,177-0045 東京都練馬区石神井台６−１９−３６,03-3924-4515
ビーバートザン経堂店,156-0052 東京都世田谷区経堂４-42-10,03-5426-1301
株式会社共栄電化,156-0045 東京都世田谷区桜上水1-10-14,03-5317-3565
眼鏡市場　有明ガーデン,135-0063 東京都江東区有明２丁目１ー８　 有明ガーデン２階,03-5579-4567
村田電器,157-0067 東京都世田谷区喜多見８−１６−１１,03-3417-5111
株式会社よしや目白高田店,171-0033 東京都豊島区高田2-7-2,03-5956-5517
有限会社石川電器,123-0841 東京都足立区西新井５−４１−１７,03-3898-2220
補聴器センター　府中,183-0027 東京都府中市本町１−１−２０,042-361-3313
オーケー北八王子店,192-0033 東京都八王子市高倉町7-1,042-649-8115
有限会社マツミ電器,187-0041 東京都小平市美園町2-2-9,042-341-0404
花園電気商会,160-0022 東京都新宿区新宿１−１７−１６,03-3356-5501
メガネストアー　北綾瀬店,120-0006 東京都足立区谷中4-9-21 ホワイトストーン1階,03-5616-0668
タスク補聴器　綾瀬店,120-0005 東京都足立区綾瀬1-32-13,03-5680-6106
メガネ パリ ミキ　八王子北店,193-0803 東京都八王子市楢原町４５２−１,042-627-2354
ブルーム新高円寺店,166-0003 東京都杉並区高円寺南2-20-11 シドニービル1F,03-6304-9001
メガネ パリ ミキ　あきるのプレイス店,197-0804 東京都あきる野市秋川１−１７−１ あきるのプレイス　2F,042-550-4131
�螢筌泪瀬妊鵐�　テックランド葛飾店,124-0012 東京都葛飾区立石五丁目１１番２３号,03-5654-6581
ルシファーフジ,158-0083 東京都世田谷区奥沢１−３９−９,03-3727-2527
メガネ　パリ　ミキ　狛江店,201-0013 東京都狛江市元和泉１−２−１ Ｏｄａｋｙｕ　ＯＸ　３Ｆ,03-5497-2335
メガネストアー　小岩店,133-0056 東京都江戸川区南小岩7-26-15 高地ビル1F,03-5612-3788
有限会社　石崎電気商会,145-0067 東京都大田区雪谷大塚町　7−13 石崎ビル,03-3720-0797
サンドラッグ小平,187-0032 東京都小平市小川町２−１８１３−１,042-345-9671
オーケー狛江中和泉店,201-0012 東京都狛江市中和泉2-15-1,03-5761-5531
�螢螢�ネットセンター城南　大森店,143-0016 東京都大田区大森北1-30-2 杉山ビル1階,03-6429-8990
合資会社四谷無三四堂,160-0004 東京都新宿区四谷3-7 無三四堂ビル１階,03-3358-6340
メガネ　パリ　ミキ　東久留米クルネ,203-0041 東京都東久留米市野火止１−３−３ 東久留米ショッピングセンター　クルネ　２Ｆ　２１７区,042-471-0722
サンドラッグ和田,206-0001 東京都多摩市和田２０１１−２,042-355-2211
有限会社ウヅキデンキ,142-0043 東京都品川区二葉4-5-1,03-3785-8592
イトーヨーカ堂　東村山店,189-0014 東京都東村山市本町２−２−１９,042-395-2011
株式会社　オリゾン　荏原中延店,142-0053 東京都品川区中延3-2-9,03-6426-7121
オーケー西府店,183-0032 東京都府中市本宿町1-45-6,042-306-7572
ホームセンターコーナン　江戸川船堀店,134-0091 東京都江戸川区船堀一丁目2番29号,03-6240-5723
�螢筌泪瀬妊鵐� YAMADA web.com  武蔵村山店,208-0021 東京都武蔵村山市三ツ藤1-84,042-569-1512
和真メガネ　東久留米店,203-0053 東京都東久留米市本町３−８−１ イトーヨーカドー３F,042-471-2581
株式会社　清水電気,144-0051 東京都大田区西蒲田５−３−１７,03-3731-0219
メガネスーパー池袋西口店,170-0014 東京都豊島区西池袋1丁目16番8号 池袋山口ビル,03-5928-7266
�蠹臙� ホームズ東村山店,189-0003 東京都東村山市久米川町1-36,042-399-8020
国際電気株式会社,156-0051 東京都世田谷区宮坂3‐20‐1,03-3426-4122
パナピットセキタ,207-0013 東京都東大和市向原４−３１−６,042-564-5855
（有）和幸電器,123-0841 東京都足立区西新井４−２６−２９−１Ｆ サンライズマンション,03-3897-3464
眼鏡市場　青梅店,198-0043 東京都青梅市千ケ瀬町２−２３８−１,0428-20-8041
メガネ パリ ミキ　錦糸町店,130-0022 東京都墨田区江東橋４丁目２５番８号 オカバ錦糸町ビル　１Ｆ,03-3634-2320
オーケー橋場店,111-0023 東京都台東区橋場1-1-15,03-6802-3341
�螢筌泪瀬妊鵐�　ヤマダアウトレット南砂店,136-0076 東京都江東区南砂２丁目３２−１,03-6458-4891
�蠹臙� ホームズ葛西店,134-0084 東京都江戸川区東葛西9-3-6,03-5659-2191
メガネライフ武蔵境店,180-0023 東京都武蔵野市境南町2-3-2 第二高木ビル1F,0422-33-1021
ＤＣＭ高島平店,175-0082 東京都板橋区高島平９−２３−１,03-5399-2501
眼鏡市場　足立栗原,123-0842 東京都足立区栗原４丁目１２番２１号,03-5838-1078
メガネスーパー阿佐ヶ谷パールセンター,166-0004 東京都杉並区阿佐谷南1-47-12,03-5305-3188
ＤＣＭ府中栄町店,183-0051 東京都府中市栄町１−７−１,042-336-6551
オーケー戸越店,142-0041 東京都品川区戸越5-15-4,03-6451-3931
ノムラムセン,125-0035 東京都葛飾区南水元1-22-15,03-3607-3080
ひばりプラス電気,202-0001 東京都西東京市ひばりが丘２−８−１６,042-423-0586
サンドラッグ東大和,207-0015 東京都東大和市中央１−１−１,042-561-0561
メガネストアー　仙川店,182-0002 東京都調布市仙川町1-19-17,03-5384-5978
メガネ　パリ　ミキ　麻布十番店,106-0045 東京都港区麻布十番１−７−３ 藤原ビル１階,03-3404-1410
オーケー土支田店,179-0076 東京都練馬区土支田2-19-5,03-5935-7521
株式会社　ナショナル・フオート,150-0001 東京都渋谷区神宮前６−１３−１１ NPビル,03-3486-7761
株式会社よしや早宮店,179-0085 東京都練馬区早宮3-42,03-3993-3264
エディオンAKIBA店,101-0021 東京都千代田区外神田１−２−９,03-3257-1100
オリンピック　淡路町店,101-0063 東京都千代田区神田淡路町2-105　B1F ワテラスアネックス,03-5289-3989
リオネットセンター吉祥寺店,180-0004 東京都武蔵野市吉祥寺本町1-7-4 丸二清水ビル２F,0422-20-3311
イトーヨーカ堂　大井町店,140-0014 東京都品川区大井１−３−６ イトーヨーカ堂　大井町店,03-3777-6611
有限会社オガワ電気(パナピットおがわ),191-0052 東京都日野市東豊田３−２２−９,042-581-8448
石塚デンキ,158-0094 東京都世田谷区玉川４−１０−５,03-3700-9706
和真メガネ　アリオ西新井店,123-0843 東京都足立区西新井栄町1-20-1 アリオ西新井内3F,03-6807-2297
清和電機方南店,168-0062 東京都杉並区方南２-12-19 清和ビル１ｆ,03-3315-6241
メガネストアー　三軒茶屋店,154-0004 東京都世田谷区太子堂4-30-29,03-3412-1767
�褝盧筌妊鵐�商会,182-0022 東京都調布市国領町４−３３−３１,042-486-7671
池上補聴器センタ-,146-0082 東京都大田区池上３-２５-６ ハイタウン池上103号,03-5747-5838
芹沢電気商会,173-0031 東京都板橋区大谷口北町５６−５,03-3956-5210
眼鏡市場　世田谷馬事公苑,158-0098 東京都世田谷区上用賀2-5-21,03-5426-2498
オリンピック小竹向原店,173-0037 東京都板橋区小茂根1-32-9,03-6891-0555
ブルーム八王子北口店,192-0082 東京都八王子市東町１−１１ クイーンズビル２　１Ｆ,042-649-1493
オグラ眼鏡　小田急新宿店,160-8001 東京都新宿区西新宿1−5−1 小田急百貨店　新宿店７階,03-5325-2507
東京ヒアリングケアセンター青山店,107-0061 東京都港区北青山２−９−１５ 三輪ビル1階,03-3423-4133
有限会社　岩井電機サービス,173-0031 東京都板橋区大谷口北町85-7,03-3956-3724
サンドラッグ小平鈴木町,187-0011 東京都小平市鈴木町１−２１４−３,042-345-2681
プラスワンライフ　シグマ代田,155-0033 東京都世田谷区代田１−３４−１５ 舘コーポ１F,03-3412-4572
オーケー板橋大原店,174-0061 東京都板橋区大原町４４−２,03-5915-5221
株式会社寺石電機,132-0013 東京都江戸川区江戸川２−１,03-3679-0284
メガネのイシイ,125-0061 東京都葛飾区亀有5-29-3,03-3606-2334
中村無線電気商会,108-0073 東京都港区三田３−３−９,03-3451-0063
眼鏡市場　イトーヨーカドー綾瀬,120-0005 東京都足立区綾瀬３-４-２５ イトーヨーカドー綾瀬店２階,03-5613-8558
イトーヨーカ堂　武蔵境店,180-0023 東京都武蔵野市境南町２−２−２０,0422-31-2111
ケーズデンキ　稲城若葉台店,206-0824 東京都稲城市若葉台２−１０−２,042-350-5011
�螢灰献沺．灰献沺潺咼奪�カメラ上板橋店,174-0076 東京都板橋区上板橋３-１４-２０,03-5399-2271
祖師谷電気��,157-0072 東京都世田谷区祖師谷４−２６−３,03-3483-0462
株式会社コイデカメラ　葛西イトーヨーカドー店,134-0084 東京都江戸川区東葛西９−３−３ イトーヨーカドー葛西店１階,03-5675-6887
ビバホーム奥戸街道店,124-0022 東京都葛飾区奥戸２丁目１４番２８号,03-5654-8911
有限会社　須山ミシン電器商会,154-0011 東京都世田谷区上馬4-7-8,03-3421-7461
株式会社　早川商会,124-0005 東京都葛飾区宝町２−２６−１４,03-3697-8693
オーケー西葛西店,134-0088 東京都江戸川区西葛西6-1-10,03-6808-0712
株式会社　どりーむかん,176-0021 東京都練馬区貫井３-１４-８ どりーむかん（水曜・日曜定休日）,03-3999-7848
眼鏡市場　八王子めじろ台,193-0833 東京都八王子市めじろ台２丁目６５−１０,042-669-5127
ジョーシン　西東京保谷店,202-0015 東京都西東京市保谷町５丁目８番８号,042-462-0711
(有)さとうでんきサービス,132-0031 東京都江戸川区松島2-32-3,03-3652-1948
メガネストアー　平和台店,179-0085 東京都練馬区早宮2-17-50 平和台STビル��,03-5398-4388
PANAPITこやまでんき,193-0824 東京都八王子市長房町３３５−４,042-664-4196
アトムムサシノ中央店（なかしば電器）,180-0012 東京都武蔵野市緑町武蔵野市緑町２−４−４１,0422-52-1258
ＤＣＭ八王子みなみ野店,192-0916 東京都八王子市みなみ野１−３−１,042-632-6868
プロショップ大塚　浅草店,111-0034 東京都台東区雷門2-3-12,03-5830-1033
（株）和真　赤羽すずらん通り店,115-0045 東京都北区赤羽２−４−１３,03-3902-4545
高久電器有限会社,183-0004 東京都府中市紅葉丘２−１０−１ ハイム鈴木,042-369-8791
東伸電器販売（有）,121-0062 東京都足立区南花畑１−２−２８,03-3885-1938
�螢筌泪瀬妊鵐�　テックランド青梅店,198-0023 東京都青梅市今井三丁目１０番９ フォレオ２Ｆ,0428-78-0609
ビバホームビーンズ赤羽店,115-0045 東京都北区赤羽１丁目１番１号,03-5249-8011
ホームセンターコーナンドイト東向島店,131-0032 東京都墨田区東向島６-５７-１５,03-5631-3811
Audika株式会社　Audika巣鴨店,170-0002 東京都豊島区巣鴨3-1-11 ピカイヤ巣鴨101,03-3576-1633
コーナンPRO足立扇店,123-0873 東京都足立区扇３-１４-１０,03-5647-5761
ＤＣＭ立川幸町店,190-0002 東京都立川市幸町２−３２−１,042-534-6380
おくのでんき,166-0004 東京都杉並区阿佐谷南１-９-１０ 松本方１階Ｂ号,03-3311-0800
井門エンタープライズ　ＬＡＯＸ大井店,140-0011 東京都品川区東大井５−１５−３,03-3474-2146
ブルーム戸越銀座店,142-0051 東京都品川区平塚２−１６−４ 石井ビル1階,03-6421-5911
ゆかわでんき,166-0001 東京都杉並区阿佐谷北6-22-6,03-3330-2201
(有)近藤電機,108-0072 東京都港区白金１−１５−９,03-3446-3323
はっとり無線（篠崎店）,133-0054 東京都江戸川区上篠崎３−１６−１２,03-3670-7903
ヒヤリングストア　グランデュオ蒲田店,144-0051 東京都大田区西蒲田7-68-1 グランデュオ蒲田西館９F,03-6424-8526
(株)三栄商会　さんえいでんき,114-0034 東京都北区上十条３−２２−２,03-3907-2945
株式会社リビングニホンドウ,150-0036 東京都渋谷区南平台町3-15,03-3461-8269
（株）川辺電気商会,206-0015 東京都多摩市落川１１４７,042-375-7333
あんしん電気,103-0013 東京都中央区日本橋人形町2-14-12,03-3666-5986
�螢筌泪瀬妊鵐� YAMADA web.com  江東新砂店,136-0075 東京都江東区新砂３−１−１３,03-5677-5913
和真メガネ　町田店,194-0022 東京都町田市森野１−１４−１７ 西友町田店,042-726-8701
有限会社　メルテスミヤ,157-0067 東京都世田谷区喜多見5-14-1,03-3416-7411
眼鏡市場　国分寺日吉,185-0032 東京都国分寺市日吉町３丁目２６番１号,042-580-0048
�蠹臙� 江東猿江店,135-0003 東京都江東区猿江2-16-3,03-5669-7311
清和電機　中野本店,164-0012 東京都中野区本町5-40-19,03-3383-7326
ホームセンターコーナン三鷹店,181-0014 東京都三鷹市野崎３−７−１２,0422-30-3757
ケーズデンキイオンタウン稲城長沼店,206-0802 東京都稲城市大字東長沼字四号1212-1,042-401-7750
オーケー南砂店,136-0076 東京都江東区南砂２−３−１２,03-3649-5871
サンドラッグあきる野,197-0828 東京都あきる野市秋留１−６−８,042-550-6441
有限会社銀星電気商会,142-0062 東京都品川区小山４−１３−８,03-3781-7680
株式会社よしや大塚店,170-0004 東京都豊島区北大塚2-24-20,03-3949-4439
長��ベルヒアリングセンター東京,105-0014 東京都港区芝3-17-14 三田浜ビル７F,03-6453-8233
株式会社那須電機,132-0021 東京都江戸川区中央1-2-20 株式会社那須電機,03-3651-0981
メガネストアー　千歳船橋店,156-0055 東京都世田谷区船橋1-37-6 橋場屋マンション1FA号室,03-3428-1058
眼鏡市場　イオンタウン稲城長沼,206-0802 東京都稲城市東長沼１２１２番地１ イオンタウン稲城長沼１階,042-378-2230
有限会社　榎戸無線商会,190-0011 東京都立川市高松町2-16-11 ルーエハイム榎戸　1Ｆ,042-522-4038
JINO株式会社　耳のそうだん室JINO,167-0051 東京都杉並区荻窪５−１０−２２ 美好屋ビル１Ｆ,03-5347-3030
オーケー町田森野店,194-0022 東京都町田市森野3-15-15,042-710-2900
メガネストアー　竹の塚店,121-0813 東京都足立区竹の塚3-20-12 竹の塚ショッピングセンター,03-3858-0738
オーケー住吉店,130-0022 東京都墨田区江東橋5-5-3,03-5669-0084
メガネ パリ ミキ　めじろ台店,193-0933 東京都八王子市山田町１６８９−６,042-665-1595
サンドラッグ杉並宮前,168-0081 東京都杉並区宮前５−１５−２１,03-5336-0251
株式会社日本コクレア,113-0033 東京都文京区本郷２−３−７ お茶の水元町ビル,03-5844-6955
オーディオノバ多摩センター店,206-0033 東京都多摩市落合1-39 マグレブビル3階（千歳屋内）,042-338-2501
ヒヤリングストア目黒店,141-0021 東京都品川区上大崎2-14-9 目黒東誠ビル7F,03-3445-5467
うぐいす補聴器,171-0014 東京都豊島区池袋2丁目36-1 8階40号,050-3590-5913
有限会社延明電気,142-0062 東京都品川区小山4-16-11,03-3786-8262
有限会社タキデン,203-0033 東京都東久留米市滝山5-1-14,042-473-6922
メガネスーパー上板橋駅前,174-0071 東京都板橋区常盤台4-32-3 蔵本ビル１Ｆ,03-5922-1055
メガネの愛眼 新小岩銀座店,124-0024 東京都葛飾区新小岩1-48-3　 関ビル1F,03-3652-8585
オプティクパリミキ経堂コルティ店,156-0052 東京都世田谷区経堂2−1−33 経堂コルティ2F,03-3425-7731
オーケー一ツ家店,121-0075 東京都足立区一ツ家１−１２−１２,03-5831-6767
サンドラッグ三鷹井口,181-0011 東京都三鷹市井口３−６−１２,0422-34-5710
オーケー狛江店,201-0003 東京都狛江市和泉本町４−１１−２,03-3480-5503
メガネストアー　用賀大山通り店,158-0097 東京都世田谷区用賀4-13-5 ウィング用賀1F,03-5717-3288
サンドラッグクロスガーデン調布,182-0007 東京都調布市菊野台１−３３−３,042-443-3730
サンドラッグ東村山富士見町,189-0024 東京都東村山市富士見町１−２−５０,042-399-2870
AudioNova 武蔵野店,180-0023 東京都武蔵野市境南町2-10-25 武蔵境マンション102,0422-30-8216
セゾン販売企画(有)　でんきのミヨシヤ,173-0005 東京都板橋区仲宿36-1 宮地ビル　1F,03-3962-3448
株式会社よしや柳町店,162-0053 東京都新宿区原町1-16-8,03-3355-2891
ブルーム立川店,190-0023 東京都立川市柴崎町２−２−２３ 第２高島ビル１階,042-522-3312
メガネ・補聴器　パリミキ　上石神井店,177-0044 東京都練馬区上石神井２−２５−５,03-5991-4770
サンドラッグ府中新町,183-0052 東京都府中市新町１−５８−３,042-354-8050
メガネスーパーGINZA５,104-0061 東京都中央区銀座5丁目1番先 GINZA5　１Ｆ,03-6263-8756
サンドラッグ中神,196-0022 東京都昭島市中神町１３８０−１,042-500-0318
オーケー仲六郷店,144-0055 東京都大田区仲六郷3-8-9,03-5713-1086
(有)　補聴器のセベ,154-0004 東京都世田谷区太子堂２−１４−２０,03-3410-2460
�螢灰献沺．灰献沺潺咼奪�カメラ小平店,187-0031 東京都小平市小川東町１−５−１８,042-346-0111
メガネストアー　尾山台店,158-0086 東京都世田谷区尾山台3-9-8 ダイヤ石上ビル,03-5707-9398
�蠹臙� ホームズ仙川店,182-0003 東京都調布市若葉町２−１−７,050-1712-4336
�螢筌泪瀬妊鵐�　YAMADA New web.com府中店,183-0046 東京都府中市西原町１−３−１,042-360-9333
サンドラッグ高尾,193-0834 東京都八王子市東浅川町５５０−１,042-669-0271
�螢筌泪瀬妊鵐�　LABI LIFE SELECT 品川大井町店,140-0011 東京都品川区東大井5-20-1,03-5479-7600
株式会社ヤマモトテレビ,140-0015 東京都品川区西大井4-18-14,03-3771-8412
株式会社　星野電機商会,153-0063 東京都目黒区目黒4-12-3,03-3711-3873
株式会社　京橋堂,164-0013 東京都中野区弥生町３−３１−１,03-3372-7426
オーケー三鷹上連雀店,181-0012 東京都三鷹市上連雀8-2-30,0422-24-8615
ブルーム池袋店,170-0013 東京都豊島区東池袋１−１１−１ オーク東池袋ビル7階,03-3981-3311
有限会社　荻窪共同電気,167-0051 東京都杉並区荻窪１−３４−７,03-3393-0435
メガネ パリ ミキ　福生店,197-0012 東京都福生市加美平一丁目２６−４,042-530-1961
和真アリオ葛西店,134-0084 東京都江戸川区東葛西９−３−３　２Ｆ アリオ葛西店,03-5675-6831
